"_raw","_time",app,clientip,"date_hour","date_mday","date_minute","date_month","date_second","date_wday","date_year","date_zone",eventtype,host,index,linecount,protocol,punct,source,sourcetype,"splunk_server","splunk_server_group",tag,"tag::eventtype",timeendpos,timestartpos
"61.191.62.7 - - [12/Jun/2014:12:34:17 -0700] ""GET /muieblackcat HTTP/1.1"" 404 1852","2014-06-12T12:34:17.000-0700",,"61.191.62.7",12,12,34,june,17,thursday,2014,"-420",,Network2HP,main,1,,"..._-_-_[//:::_-]_""_/_/.""__","access_log","access_log",RazLT,,,,43,17
"61.191.62.7 - - [12/Jun/2014:12:34:17 -0700] ""GET /muieblackcat HTTP/1.1"" 404 1852","2014-06-12T12:34:17.000-0700",,"61.191.62.7",12,12,34,june,17,thursday,2014,"-420",,Network2HP,main,1,,"..._-_-_[//:::_-]_""_/_/.""__","access_log","access_log",RazLT,,,,43,17
"61.191.62.7 - - [12/Jun/2014:12:34:15 -0700] ""GET /muieblackcat HTTP/1.1"" 404 1852","2014-06-12T12:34:15.000-0700",,"61.191.62.7",12,12,34,june,15,thursday,2014,"-420",,Network2HP,main,1,,"..._-_-_[//:::_-]_""_/_/.""__","access_log","access_log",RazLT,,,,43,17
"61.191.62.7 - - [12/Jun/2014:12:34:15 -0700] ""GET /muieblackcat HTTP/1.1"" 404 1852","2014-06-12T12:34:15.000-0700",,"61.191.62.7",12,12,34,june,15,thursday,2014,"-420",,Network2HP,main,1,,"..._-_-_[//:::_-]_""_/_/.""__","access_log","access_log",RazLT,,,,43,17
"61.191.62.7 - - [12/Jun/2014:12:34:15 -0700] ""GET /muieblackcat HTTP/1.1"" 404 1852","2014-06-12T12:34:15.000-0700",,"61.191.62.7",12,12,34,june,15,thursday,2014,"-420",,Network2HP,main,1,,"..._-_-_[//:::_-]_""_/_/.""__","access_log","access_log",RazLT,,,,43,17
"61.191.62.7 - - [12/Jun/2014:12:34:15 -0700] ""GET /muieblackcat HTTP/1.1"" 404 1852","2014-06-12T12:34:15.000-0700",,"61.191.62.7",12,12,34,june,15,thursday,2014,"-420",,Network2HP,main,1,,"..._-_-_[//:::_-]_""_/_/.""__","access_log","access_log",RazLT,,,,43,17
"61.191.62.7 - - [04/Jun/2014:17:25:56 -0700] ""GET /muieblackcat HTTP/1.1"" 404 1892","2014-06-04T17:25:56.000-0700",,"61.191.62.7",17,4,25,june,56,wednesday,2014,"-420",,Network2HP,main,1,,"..._-_-_[//:::_-]_""_/_/.""__","access_log","access_log",RazLT,,,,43,17
"61.191.62.7 - - [04/Jun/2014:17:25:28 -0700] ""GET /muieblackcat HTTP/1.1"" 404 1892","2014-06-04T17:25:28.000-0700",,"61.191.62.7",17,4,25,june,28,wednesday,2014,"-420",,Network2HP,main,1,,"..._-_-_[//:::_-]_""_/_/.""__","access_log","access_log",RazLT,,,,43,17
"61.191.62.7 - - [04/Jun/2014:17:25:17 -0700] ""GET /muieblackcat HTTP/1.1"" 404 1892","2014-06-04T17:25:17.000-0700",,"61.191.62.7",17,4,25,june,17,wednesday,2014,"-420",,Network2HP,main,1,,"..._-_-_[//:::_-]_""_/_/.""__","access_log","access_log",RazLT,,,,43,17
"61.191.62.7 - - [04/Jun/2014:17:25:09 -0700] ""GET /muieblackcat HTTP/1.1"" 404 1892","2014-06-04T17:25:09.000-0700",,"61.191.62.7",17,4,25,june,9,wednesday,2014,"-420",,Network2HP,main,1,,"..._-_-_[//:::_-]_""_/_/.""__","access_log","access_log",RazLT,,,,43,17
"61.191.62.7 - - [04/Jun/2014:17:25:05 -0700] ""GET /muieblackcat HTTP/1.1"" 404 1892","2014-06-04T17:25:05.000-0700",,"61.191.62.7",17,4,25,june,5,wednesday,2014,"-420",,Network2HP,main,1,,"..._-_-_[//:::_-]_""_/_/.""__","access_log","access_log",RazLT,,,,43,17
"61.191.62.7 - - [04/Jun/2014:17:25:03 -0700] ""GET /muieblackcat HTTP/1.1"" 404 1892","2014-06-04T17:25:03.000-0700",,"61.191.62.7",17,4,25,june,3,wednesday,2014,"-420",,Network2HP,main,1,,"..._-_-_[//:::_-]_""_/_/.""__","access_log","access_log",RazLT,,,,43,17
"61.191.62.7 - - [29/May/2014:04:02:43 -0700] ""GET /muieblackcat HTTP/1.1"" 404 1781","2014-05-29T04:02:43.000-0700",,"61.191.62.7",4,29,2,may,43,thursday,2014,"-420",,Network2HP,main,1,,"..._-_-_[//:::_-]_""_/_/.""__","access_log","access_log",RazLT,,,,43,17
"61.191.62.7 - - [29/May/2014:04:02:40 -0700] ""GET /muieblackcat HTTP/1.1"" 404 1781","2014-05-29T04:02:40.000-0700",,"61.191.62.7",4,29,2,may,40,thursday,2014,"-420",,Network2HP,main,1,,"..._-_-_[//:::_-]_""_/_/.""__","access_log","access_log",RazLT,,,,43,17
"61.191.62.7 - - [29/May/2014:04:02:37 -0700] ""GET /muieblackcat HTTP/1.1"" 404 1781","2014-05-29T04:02:37.000-0700",,"61.191.62.7",4,29,2,may,37,thursday,2014,"-420",,Network2HP,main,1,,"..._-_-_[//:::_-]_""_/_/.""__","access_log","access_log",RazLT,,,,43,17
"61.191.62.7 - - [28/May/2014:09:47:14 -0700] ""GET /muieblackcat HTTP/1.1"" 404 1781","2014-05-28T09:47:14.000-0700",,"61.191.62.7",9,28,47,may,14,wednesday,2014,"-420",,Network2HP,main,1,,"..._-_-_[//:::_-]_""_/_/.""__","access_log","access_log",RazLT,,,,43,17
"61.191.62.7 - - [28/May/2014:09:47:05 -0700] ""GET /muieblackcat HTTP/1.1"" 404 1781","2014-05-28T09:47:05.000-0700",,"61.191.62.7",9,28,47,may,5,wednesday,2014,"-420",,Network2HP,main,1,,"..._-_-_[//:::_-]_""_/_/.""__","access_log","access_log",RazLT,,,,43,17
"61.191.62.7 - - [28/May/2014:09:46:51 -0700] ""GET /muieblackcat HTTP/1.1"" 404 1781","2014-05-28T09:46:51.000-0700",,"61.191.62.7",9,28,46,may,51,wednesday,2014,"-420",,Network2HP,main,1,,"..._-_-_[//:::_-]_""_/_/.""__","access_log","access_log",RazLT,,,,43,17
"61.191.62.7 - - [28/May/2014:09:46:49 -0700] ""GET /muieblackcat HTTP/1.1"" 404 1781","2014-05-28T09:46:49.000-0700",,"61.191.62.7",9,28,46,may,49,wednesday,2014,"-420",,Network2HP,main,1,,"..._-_-_[//:::_-]_""_/_/.""__","access_log","access_log",RazLT,,,,43,17
"61.191.62.7 - - [28/May/2014:09:46:48 -0700] ""GET /muieblackcat HTTP/1.1"" 404 1781","2014-05-28T09:46:48.000-0700",,"61.191.62.7",9,28,46,may,48,wednesday,2014,"-420",,Network2HP,main,1,,"..._-_-_[//:::_-]_""_/_/.""__","access_log","access_log",RazLT,,,,43,17
"61.191.62.7 - - [28/May/2014:09:46:48 -0700] ""GET /muieblackcat HTTP/1.1"" 404 1781","2014-05-28T09:46:48.000-0700",,"61.191.62.7",9,28,46,may,48,wednesday,2014,"-420",,Network2HP,main,1,,"..._-_-_[//:::_-]_""_/_/.""__","access_log","access_log",RazLT,,,,43,17
"61.191.62.7 - - [27/May/2014:17:38:12 -0700] ""GET /muieblackcat HTTP/1.1"" 404 1781","2014-05-27T17:38:12.000-0700",,"61.191.62.7",17,27,38,may,12,tuesday,2014,"-420",,Network2HP,main,1,,"..._-_-_[//:::_-]_""_/_/.""__","access_log","access_log",RazLT,,,,43,17
"61.191.62.7 - - [27/May/2014:17:37:31 -0700] ""GET /muieblackcat HTTP/1.1"" 404 1781","2014-05-27T17:37:31.000-0700",,"61.191.62.7",17,27,37,may,31,tuesday,2014,"-420",,Network2HP,main,1,,"..._-_-_[//:::_-]_""_/_/.""__","access_log","access_log",RazLT,,,,43,17
"61.191.62.7 - - [27/May/2014:17:37:11 -0700] ""GET /muieblackcat HTTP/1.1"" 404 1781","2014-05-27T17:37:11.000-0700",,"61.191.62.7",17,27,37,may,11,tuesday,2014,"-420",,Network2HP,main,1,,"..._-_-_[//:::_-]_""_/_/.""__","access_log","access_log",RazLT,,,,43,17
"61.191.62.7 - - [27/May/2014:17:37:00 -0700] ""GET /muieblackcat HTTP/1.1"" 404 1781","2014-05-27T17:37:00.000-0700",,"61.191.62.7",17,27,37,may,0,tuesday,2014,"-420",,Network2HP,main,1,,"..._-_-_[//:::_-]_""_/_/.""__","access_log","access_log",RazLT,,,,43,17
"61.191.62.7 - - [27/May/2014:17:36:55 -0700] ""GET /muieblackcat HTTP/1.1"" 404 1781","2014-05-27T17:36:55.000-0700",,"61.191.62.7",17,27,36,may,55,tuesday,2014,"-420",,Network2HP,main,1,,"..._-_-_[//:::_-]_""_/_/.""__","access_log","access_log",RazLT,,,,43,17
"61.191.62.7 - - [27/May/2014:17:36:52 -0700] ""GET /muieblackcat HTTP/1.1"" 404 1781","2014-05-27T17:36:52.000-0700",,"61.191.62.7",17,27,36,may,52,tuesday,2014,"-420",,Network2HP,main,1,,"..._-_-_[//:::_-]_""_/_/.""__","access_log","access_log",RazLT,,,,43,17
"61.191.62.7 - - [27/May/2014:16:25:05 -0700] ""GET /muieblackcat HTTP/1.1"" 404 1781","2014-05-27T16:25:05.000-0700",,"61.191.62.7",16,27,25,may,5,tuesday,2014,"-420",,Network2HP,main,1,,"..._-_-_[//:::_-]_""_/_/.""__","access_log","access_log",RazLT,,,,43,17
"61.191.62.7 - - [27/May/2014:16:24:24 -0700] ""GET /muieblackcat HTTP/1.1"" 404 1781","2014-05-27T16:24:24.000-0700",,"61.191.62.7",16,27,24,may,24,tuesday,2014,"-420",,Network2HP,main,1,,"..._-_-_[//:::_-]_""_/_/.""__","access_log","access_log",RazLT,,,,43,17
"61.191.62.7 - - [27/May/2014:16:24:04 -0700] ""GET /muieblackcat HTTP/1.1"" 404 1781","2014-05-27T16:24:04.000-0700",,"61.191.62.7",16,27,24,may,4,tuesday,2014,"-420",,Network2HP,main,1,,"..._-_-_[//:::_-]_""_/_/.""__","access_log","access_log",RazLT,,,,43,17
"61.191.62.7 - - [27/May/2014:16:23:53 -0700] ""GET /muieblackcat HTTP/1.1"" 404 1781","2014-05-27T16:23:53.000-0700",,"61.191.62.7",16,27,23,may,53,tuesday,2014,"-420",,Network2HP,main,1,,"..._-_-_[//:::_-]_""_/_/.""__","access_log","access_log",RazLT,,,,43,17
"61.191.62.7 - - [27/May/2014:16:23:48 -0700] ""GET /muieblackcat HTTP/1.1"" 404 1781","2014-05-27T16:23:48.000-0700",,"61.191.62.7",16,27,23,may,48,tuesday,2014,"-420",,Network2HP,main,1,,"..._-_-_[//:::_-]_""_/_/.""__","access_log","access_log",RazLT,,,,43,17
"61.191.62.7 - - [27/May/2014:16:23:45 -0700] ""GET /muieblackcat HTTP/1.1"" 404 1781","2014-05-27T16:23:45.000-0700",,"61.191.62.7",16,27,23,may,45,tuesday,2014,"-420",,Network2HP,main,1,,"..._-_-_[//:::_-]_""_/_/.""__","access_log","access_log",RazLT,,,,43,17
"61.191.62.7 - - [27/May/2014:13:46:09 -0700] ""GET /muieblackcat HTTP/1.1"" 404 1791","2014-05-27T13:46:09.000-0700",,"61.191.62.7",13,27,46,may,9,tuesday,2014,"-420",,Network2HP,main,1,,"..._-_-_[//:::_-]_""_/_/.""__","access_log","access_log",RazLT,,,,43,17
"61.191.62.7 - - [27/May/2014:13:45:49 -0700] ""GET /muieblackcat HTTP/1.1"" 404 1791","2014-05-27T13:45:49.000-0700",,"61.191.62.7",13,27,45,may,49,tuesday,2014,"-420",,Network2HP,main,1,,"..._-_-_[//:::_-]_""_/_/.""__","access_log","access_log",RazLT,,,,43,17
"61.191.62.7 - - [27/May/2014:13:45:38 -0700] ""GET /muieblackcat HTTP/1.1"" 404 1791","2014-05-27T13:45:38.000-0700",,"61.191.62.7",13,27,45,may,38,tuesday,2014,"-420",,Network2HP,main,1,,"..._-_-_[//:::_-]_""_/_/.""__","access_log","access_log",RazLT,,,,43,17
"61.191.62.7 - - [27/May/2014:13:45:33 -0700] ""GET /muieblackcat HTTP/1.1"" 404 1791","2014-05-27T13:45:33.000-0700",,"61.191.62.7",13,27,45,may,33,tuesday,2014,"-420",,Network2HP,main,1,,"..._-_-_[//:::_-]_""_/_/.""__","access_log","access_log",RazLT,,,,43,17
"61.191.62.7 - - [27/May/2014:13:45:30 -0700] ""GET /muieblackcat HTTP/1.1"" 404 1791","2014-05-27T13:45:30.000-0700",,"61.191.62.7",13,27,45,may,30,tuesday,2014,"-420",,Network2HP,main,1,,"..._-_-_[//:::_-]_""_/_/.""__","access_log","access_log",RazLT,,,,43,17
"61.191.62.7 - - [26/May/2014:18:06:49 -0700] ""GET /muieblackcat HTTP/1.1"" 404 2078","2014-05-26T18:06:49.000-0700",,"61.191.62.7",18,26,6,may,49,monday,2014,"-420",,Network2HP,main,1,,"..._-_-_[//:::_-]_""_/_/.""__","access_log","access_log",RazLT,,,,43,17
"61.191.62.7 - - [26/May/2014:18:06:27 -0700] ""GET /muieblackcat HTTP/1.1"" 404 2078","2014-05-26T18:06:27.000-0700",,"61.191.62.7",18,26,6,may,27,monday,2014,"-420",,Network2HP,main,1,,"..._-_-_[//:::_-]_""_/_/.""__","access_log","access_log",RazLT,,,,43,17
"61.191.62.7 - - [26/May/2014:18:06:05 -0700] ""GET /muieblackcat HTTP/1.1"" 404 2078","2014-05-26T18:06:05.000-0700",,"61.191.62.7",18,26,6,may,5,monday,2014,"-420",,Network2HP,main,1,,"..._-_-_[//:::_-]_""_/_/.""__","access_log","access_log",RazLT,,,,43,17
"61.191.62.7 - - [26/May/2014:18:05:55 -0700] ""GET /muieblackcat HTTP/1.1"" 404 2078","2014-05-26T18:05:55.000-0700",,"61.191.62.7",18,26,5,may,55,monday,2014,"-420",,Network2HP,main,1,,"..._-_-_[//:::_-]_""_/_/.""__","access_log","access_log",RazLT,,,,43,17
"61.191.62.7 - - [26/May/2014:18:05:50 -0700] ""GET /muieblackcat HTTP/1.1"" 404 2078","2014-05-26T18:05:50.000-0700",,"61.191.62.7",18,26,5,may,50,monday,2014,"-420",,Network2HP,main,1,,"..._-_-_[//:::_-]_""_/_/.""__","access_log","access_log",RazLT,,,,43,17
"61.191.62.7 - - [26/May/2014:18:05:46 -0700] ""GET /muieblackcat HTTP/1.1"" 404 2078","2014-05-26T18:05:46.000-0700",,"61.191.62.7",18,26,5,may,46,monday,2014,"-420",,Network2HP,main,1,,"..._-_-_[//:::_-]_""_/_/.""__","access_log","access_log",RazLT,,,,43,17
"61.191.62.7 - - [26/May/2014:14:17:03 -0700] ""GET /muieblackcat HTTP/1.1"" 404 2078","2014-05-26T14:17:03.000-0700",,"61.191.62.7",14,26,17,may,3,monday,2014,"-420",,Network2HP,main,1,,"..._-_-_[//:::_-]_""_/_/.""__","access_log","access_log",RazLT,,,,43,17
"61.191.62.7 - - [26/May/2014:14:16:28 -0700] ""GET /muieblackcat HTTP/1.1"" 404 2078","2014-05-26T14:16:28.000-0700",,"61.191.62.7",14,26,16,may,28,monday,2014,"-420",,Network2HP,main,1,,"..._-_-_[//:::_-]_""_/_/.""__","access_log","access_log",RazLT,,,,43,17
"61.191.62.7 - - [26/May/2014:14:16:25 -0700] ""GET /muieblackcat HTTP/1.1"" 404 2078","2014-05-26T14:16:25.000-0700",,"61.191.62.7",14,26,16,may,25,monday,2014,"-420",,Network2HP,main,1,,"..._-_-_[//:::_-]_""_/_/.""__","access_log","access_log",RazLT,,,,43,17
"61.191.62.7 - - [26/May/2014:14:16:24 -0700] ""GET /muieblackcat HTTP/1.1"" 404 2078","2014-05-26T14:16:24.000-0700",,"61.191.62.7",14,26,16,may,24,monday,2014,"-420",,Network2HP,main,1,,"..._-_-_[//:::_-]_""_/_/.""__","access_log","access_log",RazLT,,,,43,17
"61.191.62.7 - - [26/May/2014:14:16:23 -0700] ""GET /muieblackcat HTTP/1.1"" 404 2078","2014-05-26T14:16:23.000-0700",,"61.191.62.7",14,26,16,may,23,monday,2014,"-420",,Network2HP,main,1,,"..._-_-_[//:::_-]_""_/_/.""__","access_log","access_log",RazLT,,,,43,17
"61.191.62.7 - - [26/May/2014:14:16:20 -0700] ""GET /muieblackcat HTTP/1.1"" 404 2078","2014-05-26T14:16:20.000-0700",,"61.191.62.7",14,26,16,may,20,monday,2014,"-420",,Network2HP,main,1,,"..._-_-_[//:::_-]_""_/_/.""__","access_log","access_log",RazLT,,,,43,17
"61.191.62.7 - - [26/May/2014:07:45:27 -0700] ""GET /muieblackcat HTTP/1.1"" 404 2105","2014-05-26T07:45:27.000-0700",,"61.191.62.7",7,26,45,may,27,monday,2014,"-420",,Network2HP,main,1,,"..._-_-_[//:::_-]_""_/_/.""__","access_log","access_log",RazLT,,,,43,17
"61.191.62.7 - - [26/May/2014:07:44:33 -0700] ""GET /muieblackcat HTTP/1.1"" 404 2105","2014-05-26T07:44:33.000-0700",,"61.191.62.7",7,26,44,may,33,monday,2014,"-420",,Network2HP,main,1,,"..._-_-_[//:::_-]_""_/_/.""__","access_log","access_log",RazLT,,,,43,17
"61.191.62.7 - - [26/May/2014:07:44:25 -0700] ""GET /muieblackcat HTTP/1.1"" 404 2105","2014-05-26T07:44:25.000-0700",,"61.191.62.7",7,26,44,may,25,monday,2014,"-420",,Network2HP,main,1,,"..._-_-_[//:::_-]_""_/_/.""__","access_log","access_log",RazLT,,,,43,17
"61.191.62.7 - - [26/May/2014:07:44:20 -0700] ""GET /muieblackcat HTTP/1.1"" 404 2105","2014-05-26T07:44:20.000-0700",,"61.191.62.7",7,26,44,may,20,monday,2014,"-420",,Network2HP,main,1,,"..._-_-_[//:::_-]_""_/_/.""__","access_log","access_log",RazLT,,,,43,17
"61.191.62.7 - - [26/May/2014:07:44:18 -0700] ""GET /muieblackcat HTTP/1.1"" 404 2105","2014-05-26T07:44:18.000-0700",,"61.191.62.7",7,26,44,may,18,monday,2014,"-420",,Network2HP,main,1,,"..._-_-_[//:::_-]_""_/_/.""__","access_log","access_log",RazLT,,,,43,17
"61.191.62.7 - - [26/May/2014:07:44:17 -0700] ""GET /muieblackcat HTTP/1.1"" 404 2105","2014-05-26T07:44:17.000-0700",,"61.191.62.7",7,26,44,may,17,monday,2014,"-420",,Network2HP,main,1,,"..._-_-_[//:::_-]_""_/_/.""__","access_log","access_log",RazLT,,,,43,17
"61.191.62.7 - - [25/May/2014:21:39:14 -0700] ""GET /muieblackcat HTTP/1.1"" 404 2105","2014-05-25T21:39:14.000-0700",,"61.191.62.7",21,25,39,may,14,sunday,2014,"-420",,Network2HP,main,1,,"..._-_-_[//:::_-]_""_/_/.""__","access_log","access_log",RazLT,,,,43,17
"61.191.62.7 - - [25/May/2014:21:38:53 -0700] ""GET /muieblackcat HTTP/1.1"" 404 2105","2014-05-25T21:38:53.000-0700",,"61.191.62.7",21,25,38,may,53,sunday,2014,"-420",,Network2HP,main,1,,"..._-_-_[//:::_-]_""_/_/.""__","access_log","access_log",RazLT,,,,43,17
"61.191.62.7 - - [25/May/2014:21:38:49 -0700] ""GET /muieblackcat HTTP/1.1"" 404 2105","2014-05-25T21:38:49.000-0700",,"61.191.62.7",21,25,38,may,49,sunday,2014,"-420",,Network2HP,main,1,,"..._-_-_[//:::_-]_""_/_/.""__","access_log","access_log",RazLT,,,,43,17
"61.191.62.7 - - [25/May/2014:21:38:47 -0700] ""GET /muieblackcat HTTP/1.1"" 404 2105","2014-05-25T21:38:47.000-0700",,"61.191.62.7",21,25,38,may,47,sunday,2014,"-420",,Network2HP,main,1,,"..._-_-_[//:::_-]_""_/_/.""__","access_log","access_log",RazLT,,,,43,17
"61.191.62.7 - - [25/May/2014:21:38:46 -0700] ""GET /muieblackcat HTTP/1.1"" 404 2105","2014-05-25T21:38:46.000-0700",,"61.191.62.7",21,25,38,may,46,sunday,2014,"-420",,Network2HP,main,1,,"..._-_-_[//:::_-]_""_/_/.""__","access_log","access_log",RazLT,,,,43,17
"61.191.62.7 - - [25/May/2014:21:38:45 -0700] ""GET /muieblackcat HTTP/1.1"" 404 2105","2014-05-25T21:38:45.000-0700",,"61.191.62.7",21,25,38,may,45,sunday,2014,"-420",,Network2HP,main,1,,"..._-_-_[//:::_-]_""_/_/.""__","access_log","access_log",RazLT,,,,43,17
"61.191.62.7 - - [25/May/2014:11:47:35 -0700] ""GET /muieblackcat HTTP/1.1"" 404 2021","2014-05-25T11:47:35.000-0700",,"61.191.62.7",11,25,47,may,35,sunday,2014,"-420",,Network2HP,main,1,,"..._-_-_[//:::_-]_""_/_/.""__","access_log","access_log",RazLT,,,,43,17
"61.191.62.7 - - [25/May/2014:11:46:52 -0700] ""GET /muieblackcat HTTP/1.1"" 404 2024","2014-05-25T11:46:52.000-0700",,"61.191.62.7",11,25,46,may,52,sunday,2014,"-420",,Network2HP,main,1,,"..._-_-_[//:::_-]_""_/_/.""__","access_log","access_log",RazLT,,,,43,17
"61.191.62.7 - - [25/May/2014:11:46:31 -0700] ""GET /muieblackcat HTTP/1.1"" 404 2021","2014-05-25T11:46:31.000-0700",,"61.191.62.7",11,25,46,may,31,sunday,2014,"-420",,Network2HP,main,1,,"..._-_-_[//:::_-]_""_/_/.""__","access_log","access_log",RazLT,,,,43,17
"61.191.62.7 - - [25/May/2014:11:46:20 -0700] ""GET /muieblackcat HTTP/1.1"" 404 2021","2014-05-25T11:46:20.000-0700",,"61.191.62.7",11,25,46,may,20,sunday,2014,"-420",,Network2HP,main,1,,"..._-_-_[//:::_-]_""_/_/.""__","access_log","access_log",RazLT,,,,43,17
"61.191.62.7 - - [25/May/2014:11:46:14 -0700] ""GET /muieblackcat HTTP/1.1"" 404 2021","2014-05-25T11:46:14.000-0700",,"61.191.62.7",11,25,46,may,14,sunday,2014,"-420",,Network2HP,main,1,,"..._-_-_[//:::_-]_""_/_/.""__","access_log","access_log",RazLT,,,,43,17
"61.191.62.7 - - [25/May/2014:11:46:11 -0700] ""GET /muieblackcat HTTP/1.1"" 404 2021","2014-05-25T11:46:11.000-0700",,"61.191.62.7",11,25,46,may,11,sunday,2014,"-420",,Network2HP,main,1,,"..._-_-_[//:::_-]_""_/_/.""__","access_log","access_log",RazLT,,,,43,17
"61.191.62.7 - - [25/May/2014:11:39:43 -0700] ""GET /muieblackcat HTTP/1.1"" 404 2021","2014-05-25T11:39:43.000-0700",,"61.191.62.7",11,25,39,may,43,sunday,2014,"-420",,Network2HP,main,1,,"..._-_-_[//:::_-]_""_/_/.""__","access_log","access_log",RazLT,,,,43,17
"61.191.62.7 - - [25/May/2014:11:39:01 -0700] ""GET /muieblackcat HTTP/1.1"" 404 2023","2014-05-25T11:39:01.000-0700",,"61.191.62.7",11,25,39,may,1,sunday,2014,"-420",,Network2HP,main,1,,"..._-_-_[//:::_-]_""_/_/.""__","access_log","access_log",RazLT,,,,43,17
"61.191.62.7 - - [25/May/2014:11:38:39 -0700] ""GET /muieblackcat HTTP/1.1"" 404 2024","2014-05-25T11:38:39.000-0700",,"61.191.62.7",11,25,38,may,39,sunday,2014,"-420",,Network2HP,main,1,,"..._-_-_[//:::_-]_""_/_/.""__","access_log","access_log",RazLT,,,,43,17
"61.191.62.7 - - [25/May/2014:11:38:29 -0700] ""GET /muieblackcat HTTP/1.1"" 404 2023","2014-05-25T11:38:29.000-0700",,"61.191.62.7",11,25,38,may,29,sunday,2014,"-420",,Network2HP,main,1,,"..._-_-_[//:::_-]_""_/_/.""__","access_log","access_log",RazLT,,,,43,17
"61.191.62.7 - - [25/May/2014:11:38:23 -0700] ""GET /muieblackcat HTTP/1.1"" 404 2021","2014-05-25T11:38:23.000-0700",,"61.191.62.7",11,25,38,may,23,sunday,2014,"-420",,Network2HP,main,1,,"..._-_-_[//:::_-]_""_/_/.""__","access_log","access_log",RazLT,,,,43,17
"61.191.62.7 - - [25/May/2014:11:38:20 -0700] ""GET /muieblackcat HTTP/1.1"" 404 2021","2014-05-25T11:38:20.000-0700",,"61.191.62.7",11,25,38,may,20,sunday,2014,"-420",,Network2HP,main,1,,"..._-_-_[//:::_-]_""_/_/.""__","access_log","access_log",RazLT,,,,43,17
"61.191.62.7 - - [24/May/2014:21:35:28 -0700] ""GET /muieblackcat HTTP/1.1"" 404 2023","2014-05-24T21:35:28.000-0700",,"61.191.62.7",21,24,35,may,28,saturday,2014,"-420",,Network2HP,main,1,,"..._-_-_[//:::_-]_""_/_/.""__","access_log","access_log",RazLT,,,,43,17
"61.191.62.7 - - [24/May/2014:21:34:33 -0700] ""GET /muieblackcat HTTP/1.1"" 404 2021","2014-05-24T21:34:33.000-0700",,"61.191.62.7",21,24,34,may,33,saturday,2014,"-420",,Network2HP,main,1,,"..._-_-_[//:::_-]_""_/_/.""__","access_log","access_log",RazLT,,,,43,17
"61.191.62.7 - - [24/May/2014:21:34:09 -0700] ""GET /muieblackcat HTTP/1.1"" 404 2023","2014-05-24T21:34:09.000-0700",,"61.191.62.7",21,24,34,may,9,saturday,2014,"-420",,Network2HP,main,1,,"..._-_-_[//:::_-]_""_/_/.""__","access_log","access_log",RazLT,,,,43,17
"61.191.62.7 - - [24/May/2014:21:34:01 -0700] ""GET /muieblackcat HTTP/1.1"" 404 2023","2014-05-24T21:34:01.000-0700",,"61.191.62.7",21,24,34,may,1,saturday,2014,"-420",,Network2HP,main,1,,"..._-_-_[//:::_-]_""_/_/.""__","access_log","access_log",RazLT,,,,43,17
"61.191.62.7 - - [24/May/2014:21:33:54 -0700] ""GET /muieblackcat HTTP/1.1"" 404 2023","2014-05-24T21:33:54.000-0700",,"61.191.62.7",21,24,33,may,54,saturday,2014,"-420",,Network2HP,main,1,,"..._-_-_[//:::_-]_""_/_/.""__","access_log","access_log",RazLT,,,,43,17
"61.191.62.7 - - [24/May/2014:21:33:47 -0700] ""GET /muieblackcat HTTP/1.1"" 404 2023","2014-05-24T21:33:47.000-0700",,"61.191.62.7",21,24,33,may,47,saturday,2014,"-420",,Network2HP,main,1,,"..._-_-_[//:::_-]_""_/_/.""__","access_log","access_log",RazLT,,,,43,17
"61.191.62.7 - - [18/May/2014:09:16:26 -0700] ""GET /muieblackcat HTTP/1.1"" 404 210","2014-05-18T09:16:26.000-0700",,"61.191.62.7",9,18,16,may,26,sunday,2014,"-420",,Network2HP,main,1,,"..._-_-_[//:::_-]_""_/_/.""__","access_log","access_log",RazLT,,,,43,17
