City,Country,GID,Mfr,Product,Region,SerialNumber,UID,"_raw","_time",accnt,acct,action,addr,app,auid,bytes,cipher,clientip,comm,cookie,"date_hour","date_mday","date_minute","date_month","date_second","date_wday","date_year","date_zone",dbname,direction,euid,eventtype,exe,file,format,fp,home,host,hostname,id,idProduct,idVendor,ident,index,jscallback,kind,ksize,laddr,lat,linecount,lon,lport,mac,method,msg,name,op,other,p,"page_id",pid,process,protocol,punct,referer,"referer_domain","req_time",res,rhost,root,rport,ses,shell,software,source,sourcetype,spid,"splunk_server","splunk_server_group",srcaddr,status,suid,surveyid,swVersion,tag,"tag::eventtype",terminal,timeendpos,timestartpos,tty,type,uid,uri,"uri_domain","uri_path","uri_query",user,useragent,ver,version,x,x00type,"x_info","x_pid"
Nanning,China,,,,"Guangxi Zhuangzu Zizhiqu",,,"2014-06-23T16:09:28-07:00 localhost sshd[26030]: Accepted password for root from 116.10.191.170 port 50519 ssh2","2014-06-23T16:09:28.000-0700",root,,,,,,,,50519,,,16,23,9,june,28,monday,2014,"-420",,,,,,,,,,Network3HP,,,,,,main,,,,,"22.81670",1,"108.31670",,,,,,,,,,26030,sshd,,"--::-:__[]:______...___",,,,,,,,,,,"syslog.log","linux_secure",,RazLT,,"116.10.191.170",,,,,,,,25,0,,,,,,,,,,,,,,,
Nanning,China,,,,"Guangxi Zhuangzu Zizhiqu",,,"2014-06-23T16:08:21-07:00 localhost sshd[26020]: Accepted password for root from 116.10.191.170 port 31346 ssh2","2014-06-23T16:08:21.000-0700",root,,,,,,,,31346,,,16,23,8,june,21,monday,2014,"-420",,,,,,,,,,Network3HP,,,,,,main,,,,,"22.81670",1,"108.31670",,,,,,,,,,26020,sshd,,"--::-:__[]:______...___",,,,,,,,,,,"syslog.log","linux_secure",,RazLT,,"116.10.191.170",,,,,,,,25,0,,,,,,,,,,,,,,,
Nanjing,China,,,,"Jiangsu Sheng",,,"2014-06-23T15:31:54-07:00 localhost sshd[25832]: Accepted password for root from 49.80.187.6 port 14042 ssh2","2014-06-23T15:31:54.000-0700",root,,,,,,,,14042,,,15,23,31,june,54,monday,2014,"-420",,,,,,,,,,Network3HP,,,,,,main,,,,,"32.06170",1,"118.77780",,,,,,,,,,25832,sshd,,"--::-:__[]:______...___",,,,,,,,,,,"syslog.log","linux_secure",,RazLT,,"49.80.187.6",,,,,,,,25,0,,,,,,,,,,,,,,,
Nanjing,China,,,,"Jiangsu Sheng",,,"2014-06-23T15:29:09-07:00 localhost sshd[25701]: Accepted password for root from 49.80.187.6 port 15357 ssh2","2014-06-23T15:29:09.000-0700",root,,,,,,,,15357,,,15,23,29,june,9,monday,2014,"-420",,,,,,,,,,Network3HP,,,,,,main,,,,,"32.06170",1,"118.77780",,,,,,,,,,25701,sshd,,"--::-:__[]:______...___",,,,,,,,,,,"syslog.log","linux_secure",,RazLT,,"49.80.187.6",,,,,,,,25,0,,,,,,,,,,,,,,,
Nanning,China,,,,"Guangxi Zhuangzu Zizhiqu",,,"2014-06-23T15:07:12-07:00 localhost sshd[25390]: Accepted password for root from 116.10.191.170 port 14663 ssh2","2014-06-23T15:07:12.000-0700",root,,,,,,,,14663,,,15,23,7,june,12,monday,2014,"-420",,,,,,,,,,Network3HP,,,,,,main,,,,,"22.81670",1,"108.31670",,,,,,,,,,25390,sshd,,"--::-:__[]:______...___",,,,,,,,,,,"syslog.log","linux_secure",,RazLT,,"116.10.191.170",,,,,,,,25,0,,,,,,,,,,,,,,,
Nanning,China,,,,"Guangxi Zhuangzu Zizhiqu",,,"2014-06-23T15:07:12-07:00 localhost sshd[25388]: Accepted password for root from 116.10.191.207 port 6873 ssh2","2014-06-23T15:07:12.000-0700",root,,,,,,,,6873,,,15,23,7,june,12,monday,2014,"-420",,,,,,,,,,Network3HP,,,,,,main,,,,,"22.81670",1,"108.31670",,,,,,,,,,25388,sshd,,"--::-:__[]:______...___",,,,,,,,,,,"syslog.log","linux_secure",,RazLT,,"116.10.191.207",,,,,,,,25,0,,,,,,,,,,,,,,,
Huzhou,China,,,,"Zhejiang Sheng",,,"2014-06-23T14:57:23-07:00 localhost sshd[25236]: Accepted password for root from 61.174.51.208 port 19432 ssh2","2014-06-23T14:57:23.000-0700",root,,,,,,,,19432,,,14,23,57,june,23,monday,2014,"-420",,,,,,,,,,Network3HP,,,,,,main,,,,,"30.87030",1,"120.09330",,,,,,,,,,25236,sshd,,"--::-:__[]:______...___",,,,,,,,,,,"syslog.log","linux_secure",,RazLT,,"61.174.51.208",,,,,,,,25,0,,,,,,,,,,,,,,,
Huzhou,China,,,,"Zhejiang Sheng",,,"2014-06-23T14:55:10-07:00 localhost sshd[25173]: Accepted password for root from 61.174.51.208 port 4753 ssh2","2014-06-23T14:55:10.000-0700",root,,,,,,,,4753,,,14,23,55,june,10,monday,2014,"-420",,,,,,,,,,Network3HP,,,,,,main,,,,,"30.87030",1,"120.09330",,,,,,,,,,25173,sshd,,"--::-:__[]:______...___",,,,,,,,,,,"syslog.log","linux_secure",,RazLT,,"61.174.51.208",,,,,,,,25,0,,,,,,,,,,,,,,,
Huzhou,China,,,,"Zhejiang Sheng",,,"2014-06-23T13:57:08-07:00 localhost sshd[24804]: Accepted password for root from 61.174.51.218 port 30222 ssh2","2014-06-23T13:57:08.000-0700",root,,,,,,,,30222,,,13,23,57,june,8,monday,2014,"-420",,,,,,,,,,Network3HP,,,,,,main,,,,,"30.87030",1,"120.09330",,,,,,,,,,24804,sshd,,"--::-:__[]:______...___",,,,,,,,,,,"syslog.log","linux_secure",,RazLT,,"61.174.51.218",,,,,,,,25,0,,,,,,,,,,,,,,,
Huzhou,China,,,,"Zhejiang Sheng",,,"2014-06-23T13:54:08-07:00 localhost sshd[24767]: Accepted password for root from 61.174.51.218 port 30772 ssh2","2014-06-23T13:54:08.000-0700",root,,,,,,,,30772,,,13,23,54,june,8,monday,2014,"-420",,,,,,,,,,Network3HP,,,,,,main,,,,,"30.87030",1,"120.09330",,,,,,,,,,24767,sshd,,"--::-:__[]:______...___",,,,,,,,,,,"syslog.log","linux_secure",,RazLT,,"61.174.51.218",,,,,,,,25,0,,,,,,,,,,,,,,,
Huzhou,China,,,,"Zhejiang Sheng",,,"2014-06-23T12:35:35-07:00 localhost sshd[24566]: Accepted password for root from 61.174.50.177 port 35295 ssh2","2014-06-23T12:35:35.000-0700",root,,,,,,,,35295,,,12,23,35,june,35,monday,2014,"-420",,,,,,,,,,Network3HP,,,,,,main,,,,,"30.87030",1,"120.09330",,,,,,,,,,24566,sshd,,"--::-:__[]:______...___",,,,,,,,,,,"syslog.log","linux_secure",,RazLT,,"61.174.50.177",,,,,,,,25,0,,,,,,,,,,,,,,,
Huzhou,China,,,,"Zhejiang Sheng",,,"2014-06-23T12:32:13-07:00 localhost sshd[24531]: Accepted password for root from 61.174.50.177 port 50779 ssh2","2014-06-23T12:32:13.000-0700",root,,,,,,,,50779,,,12,23,32,june,13,monday,2014,"-420",,,,,,,,,,Network3HP,,,,,,main,,,,,"30.87030",1,"120.09330",,,,,,,,,,24531,sshd,,"--::-:__[]:______...___",,,,,,,,,,,"syslog.log","linux_secure",,RazLT,,"61.174.50.177",,,,,,,,25,0,,,,,,,,,,,,,,,
Huzhou,China,,,,"Zhejiang Sheng",,,"2014-06-23T10:59:25-07:00 localhost sshd[24288]: Accepted password for root from 61.174.51.231 port 1066 ssh2","2014-06-23T10:59:25.000-0700",root,,,,,,,,1066,,,10,23,59,june,25,monday,2014,"-420",,,,,,,,,,Network3HP,,,,,,main,,,,,"30.87030",1,"120.09330",,,,,,,,,,24288,sshd,,"--::-:__[]:______...___",,,,,,,,,,,"syslog.log","linux_secure",,RazLT,,"61.174.51.231",,,,,,,,25,0,,,,,,,,,,,,,,,
Huzhou,China,,,,"Zhejiang Sheng",,,"2014-06-23T10:57:28-07:00 localhost sshd[24271]: Accepted password for root from 61.174.51.231 port 4456 ssh2","2014-06-23T10:57:28.000-0700",root,,,,,,,,4456,,,10,23,57,june,28,monday,2014,"-420",,,,,,,,,,Network3HP,,,,,,main,,,,,"30.87030",1,"120.09330",,,,,,,,,,24271,sshd,,"--::-:__[]:______...___",,,,,,,,,,,"syslog.log","linux_secure",,RazLT,,"61.174.51.231",,,,,,,,25,0,,,,,,,,,,,,,,,
Nanning,China,,,,"Guangxi Zhuangzu Zizhiqu",,,"2014-06-23T10:56:26-07:00 localhost sshd[24132]: Accepted password for root from 116.10.191.184 port 39863 ssh2","2014-06-23T10:56:26.000-0700",root,,,,,,,,39863,,,10,23,56,june,26,monday,2014,"-420",,,,,,,,,,Network3HP,,,,,,main,,,,,"22.81670",1,"108.31670",,,,,,,,,,24132,sshd,,"--::-:__[]:______...___",,,,,,,,,,,"syslog.log","linux_secure",,RazLT,,"116.10.191.184",,,,,,,,25,0,,,,,,,,,,,,,,,
Nanning,China,,,,"Guangxi Zhuangzu Zizhiqu",,,"2014-06-23T10:55:18-07:00 localhost sshd[24123]: Accepted password for root from 116.10.191.184 port 13379 ssh2","2014-06-23T10:55:18.000-0700",root,,,,,,,,13379,,,10,23,55,june,18,monday,2014,"-420",,,,,,,,,,Network3HP,,,,,,main,,,,,"22.81670",1,"108.31670",,,,,,,,,,24123,sshd,,"--::-:__[]:______...___",,,,,,,,,,,"syslog.log","linux_secure",,RazLT,,"116.10.191.184",,,,,,,,25,0,,,,,,,,,,,,,,,
Nanning,China,,,,"Guangxi Zhuangzu Zizhiqu",,,"2014-06-23T10:03:27-07:00 localhost sshd[24077]: Accepted password for root from 116.10.191.182 port 32411 ssh2","2014-06-23T10:03:27.000-0700",root,,,,,,,,32411,,,10,23,3,june,27,monday,2014,"-420",,,,,,,,,,Network3HP,,,,,,main,,,,,"22.81670",1,"108.31670",,,,,,,,,,24077,sshd,,"--::-:__[]:______...___",,,,,,,,,,,"syslog.log","linux_secure",,RazLT,,"116.10.191.182",,,,,,,,25,0,,,,,,,,,,,,,,,
Nanning,China,,,,"Guangxi Zhuangzu Zizhiqu",,,"2014-06-23T09:45:10-07:00 localhost sshd[23895]: Accepted password for root from 116.10.191.197 port 24788 ssh2","2014-06-23T09:45:10.000-0700",root,,,,,,,,24788,,,9,23,45,june,10,monday,2014,"-420",,,,,,,,,,Network3HP,,,,,,main,,,,,"22.81670",1,"108.31670",,,,,,,,,,23895,sshd,,"--::-:__[]:______...___",,,,,,,,,,,"syslog.log","linux_secure",,RazLT,,"116.10.191.197",,,,,,,,25,0,,,,,,,,,,,,,,,
Nanning,China,,,,"Guangxi Zhuangzu Zizhiqu",,,"2014-06-23T09:42:39-07:00 localhost sshd[23883]: Accepted password for root from 116.10.191.197 port 54755 ssh2","2014-06-23T09:42:39.000-0700",root,,,,,,,,54755,,,9,23,42,june,39,monday,2014,"-420",,,,,,,,,,Network3HP,,,,,,main,,,,,"22.81670",1,"108.31670",,,,,,,,,,23883,sshd,,"--::-:__[]:______...___",,,,,,,,,,,"syslog.log","linux_secure",,RazLT,,"116.10.191.197",,,,,,,,25,0,,,,,,,,,,,,,,,
Nanning,China,,,,"Guangxi Zhuangzu Zizhiqu",,,"2014-06-23T09:37:29-07:00 localhost sshd[23747]: Accepted password for root from 116.10.191.167 port 22018 ssh2","2014-06-23T09:37:29.000-0700",root,,,,,,,,22018,,,9,23,37,june,29,monday,2014,"-420",,,,,,,,,,Network3HP,,,,,,main,,,,,"22.81670",1,"108.31670",,,,,,,,,,23747,sshd,,"--::-:__[]:______...___",,,,,,,,,,,"syslog.log","linux_secure",,RazLT,,"116.10.191.167",,,,,,,,25,0,,,,,,,,,,,,,,,
Nanning,China,,,,"Guangxi Zhuangzu Zizhiqu",,,"2014-06-23T09:36:17-07:00 localhost sshd[23724]: Accepted password for root from 116.10.191.167 port 48160 ssh2","2014-06-23T09:36:17.000-0700",root,,,,,,,,48160,,,9,23,36,june,17,monday,2014,"-420",,,,,,,,,,Network3HP,,,,,,main,,,,,"22.81670",1,"108.31670",,,,,,,,,,23724,sshd,,"--::-:__[]:______...___",,,,,,,,,,,"syslog.log","linux_secure",,RazLT,,"116.10.191.167",,,,,,,,25,0,,,,,,,,,,,,,,,
Nanning,China,,,,"Guangxi Zhuangzu Zizhiqu",,,"2014-06-23T09:35:14-07:00 localhost sshd[23591]: Accepted password for root from 116.10.191.199 port 12237 ssh2","2014-06-23T09:35:14.000-0700",root,,,,,,,,12237,,,9,23,35,june,14,monday,2014,"-420",,,,,,,,,,Network3HP,,,,,,main,,,,,"22.81670",1,"108.31670",,,,,,,,,,23591,sshd,,"--::-:__[]:______...___",,,,,,,,,,,"syslog.log","linux_secure",,RazLT,,"116.10.191.199",,,,,,,,25,0,,,,,,,,,,,,,,,
Nanning,China,,,,"Guangxi Zhuangzu Zizhiqu",,,"2014-06-23T09:34:49-07:00 localhost sshd[23580]: Accepted password for root from 116.10.191.199 port 55737 ssh2","2014-06-23T09:34:49.000-0700",root,,,,,,,,55737,,,9,23,34,june,49,monday,2014,"-420",,,,,,,,,,Network3HP,,,,,,main,,,,,"22.81670",1,"108.31670",,,,,,,,,,23580,sshd,,"--::-:__[]:______...___",,,,,,,,,,,"syslog.log","linux_secure",,RazLT,,"116.10.191.199",,,,,,,,25,0,,,,,,,,,,,,,,,
Huzhou,China,,,,"Zhejiang Sheng",,,"2014-06-23T08:57:38-07:00 localhost sshd[23412]: Accepted password for root from 61.174.51.198 port 17042 ssh2","2014-06-23T08:57:38.000-0700",root,,,,,,,,17042,,,8,23,57,june,38,monday,2014,"-420",,,,,,,,,,Network3HP,,,,,,main,,,,,"30.87030",1,"120.09330",,,,,,,,,,23412,sshd,,"--::-:__[]:______...___",,,,,,,,,,,"syslog.log","linux_secure",,RazLT,,"61.174.51.198",,,,,,,,25,0,,,,,,,,,,,,,,,
Huzhou,China,,,,"Zhejiang Sheng",,,"2014-06-23T08:54:37-07:00 localhost sshd[23379]: Accepted password for root from 61.174.51.198 port 24450 ssh2","2014-06-23T08:54:37.000-0700",root,,,,,,,,24450,,,8,23,54,june,37,monday,2014,"-420",,,,,,,,,,Network3HP,,,,,,main,,,,,"30.87030",1,"120.09330",,,,,,,,,,23379,sshd,,"--::-:__[]:______...___",,,,,,,,,,,"syslog.log","linux_secure",,RazLT,,"61.174.51.198",,,,,,,,25,0,,,,,,,,,,,,,,,
Huzhou,China,,,,"Zhejiang Sheng",,,"2014-06-23T06:42:00-07:00 localhost sshd[23090]: Accepted password for root from 61.174.51.217 port 57537 ssh2","2014-06-23T06:42:00.000-0700",root,,,,,,,,57537,,,6,23,42,june,0,monday,2014,"-420",,,,,,,,,,Network3HP,,,,,,main,,,,,"30.87030",1,"120.09330",,,,,,,,,,23090,sshd,,"--::-:__[]:______...___",,,,,,,,,,,"syslog.log","linux_secure",,RazLT,,"61.174.51.217",,,,,,,,25,0,,,,,,,,,,,,,,,
Huzhou,China,,,,"Zhejiang Sheng",,,"2014-06-23T06:40:26-07:00 localhost sshd[23050]: Accepted password for root from 61.174.51.217 port 8555 ssh2","2014-06-23T06:40:26.000-0700",root,,,,,,,,8555,,,6,23,40,june,26,monday,2014,"-420",,,,,,,,,,Network3HP,,,,,,main,,,,,"30.87030",1,"120.09330",,,,,,,,,,23050,sshd,,"--::-:__[]:______...___",,,,,,,,,,,"syslog.log","linux_secure",,RazLT,,"61.174.51.217",,,,,,,,25,0,,,,,,,,,,,,,,,
Nanning,China,,,,"Guangxi Zhuangzu Zizhiqu",,,"2014-06-23T04:05:23-07:00 localhost sshd[22830]: Accepted password for root from 116.10.191.207 port 19551 ssh2","2014-06-23T04:05:23.000-0700",root,,,,,,,,19551,,,4,23,5,june,23,monday,2014,"-420",,,,,,,,,,Network3HP,,,,,,main,,,,,"22.81670",1,"108.31670",,,,,,,,,,22830,sshd,,"--::-:__[]:______...___",,,,,,,,,,,"syslog.log","linux_secure",,RazLT,,"116.10.191.207",,,,,,,,25,0,,,,,,,,,,,,,,,
Nanning,China,,,,"Guangxi Zhuangzu Zizhiqu",,,"2014-06-23T03:01:04-07:00 localhost sshd[22460]: Accepted password for root from 116.10.191.176 port 42831 ssh2","2014-06-23T03:01:04.000-0700",root,,,,,,,,42831,,,3,23,1,june,4,monday,2014,"-420",,,,,,,,,,Network3HP,,,,,,main,,,,,"22.81670",1,"108.31670",,,,,,,,,,22460,sshd,,"--::-:__[]:______...___",,,,,,,,,,,"syslog.log","linux_secure",,RazLT,,"116.10.191.176",,,,,,,,25,0,,,,,,,,,,,,,,,
Nanning,China,,,,"Guangxi Zhuangzu Zizhiqu",,,"2014-06-23T02:59:32-07:00 localhost sshd[22439]: Accepted password for root from 116.10.191.176 port 15926 ssh2","2014-06-23T02:59:32.000-0700",root,,,,,,,,15926,,,2,23,59,june,32,monday,2014,"-420",,,,,,,,,,Network3HP,,,,,,main,,,,,"22.81670",1,"108.31670",,,,,,,,,,22439,sshd,,"--::-:__[]:______...___",,,,,,,,,,,"syslog.log","linux_secure",,RazLT,,"116.10.191.176",,,,,,,,25,0,,,,,,,,,,,,,,,
Nanchang,China,,,,"Jiangxi Sheng",,,"2014-06-23T02:09:55-07:00 localhost sshd[22396]: Accepted password for root from 111.74.238.99 port 4246 ssh2","2014-06-23T02:09:55.000-0700",root,,,,,,,,4246,,,2,23,9,june,55,monday,2014,"-420",,,,,,,,,,Network3HP,,,,,,main,,,,,"28.55000",1,"115.93330",,,,,,,,,,22396,sshd,,"--::-:__[]:______...___",,,,,,,,,,,"syslog.log","linux_secure",,RazLT,,"111.74.238.99",,,,,,,,25,0,,,,,,,,,,,,,,,
Nanning,China,,,,"Guangxi Zhuangzu Zizhiqu",,,"2014-06-23T01:40:10-07:00 localhost sshd[22201]: Accepted password for root from 116.10.191.186 port 41109 ssh2","2014-06-23T01:40:10.000-0700",root,,,,,,,,41109,,,1,23,40,june,10,monday,2014,"-420",,,,,,,,,,Network3HP,,,,,,main,,,,,"22.81670",1,"108.31670",,,,,,,,,,22201,sshd,,"--::-:__[]:______...___",,,,,,,,,,,"syslog.log","linux_secure",,RazLT,,"116.10.191.186",,,,,,,,25,0,,,,,,,,,,,,,,,
Nanning,China,,,,"Guangxi Zhuangzu Zizhiqu",,,"2014-06-23T01:37:50-07:00 localhost sshd[22191]: Accepted password for root from 116.10.191.186 port 8394 ssh2","2014-06-23T01:37:50.000-0700",root,,,,,,,,8394,,,1,23,37,june,50,monday,2014,"-420",,,,,,,,,,Network3HP,,,,,,main,,,,,"22.81670",1,"108.31670",,,,,,,,,,22191,sshd,,"--::-:__[]:______...___",,,,,,,,,,,"syslog.log","linux_secure",,RazLT,,"116.10.191.186",,,,,,,,25,0,,,,,,,,,,,,,,,
Huzhou,China,,,,"Zhejiang Sheng",,,"2014-06-22T23:35:28-07:00 localhost sshd[21886]: Accepted password for root from 61.174.51.205 port 21338 ssh2","2014-06-22T23:35:28.000-0700",root,,,,,,,,21338,,,23,22,35,june,28,sunday,2014,"-420",,,,,,,,,,Network3HP,,,,,,main,,,,,"30.87030",1,"120.09330",,,,,,,,,,21886,sshd,,"--::-:__[]:______...___",,,,,,,,,,,"syslog.log","linux_secure",,RazLT,,"61.174.51.205",,,,,,,,25,0,,,,,,,,,,,,,,,
Huzhou,China,,,,"Zhejiang Sheng",,,"2014-06-22T23:34:32-07:00 localhost sshd[21859]: Accepted password for root from 61.174.51.205 port 5366 ssh2","2014-06-22T23:34:32.000-0700",root,,,,,,,,5366,,,23,22,34,june,32,sunday,2014,"-420",,,,,,,,,,Network3HP,,,,,,main,,,,,"30.87030",1,"120.09330",,,,,,,,,,21859,sshd,,"--::-:__[]:______...___",,,,,,,,,,,"syslog.log","linux_secure",,RazLT,,"61.174.51.205",,,,,,,,25,0,,,,,,,,,,,,,,,
Nanning,China,,,,"Guangxi Zhuangzu Zizhiqu",,,"2014-06-22T23:19:37-07:00 localhost sshd[21688]: Accepted password for root from 116.10.191.175 port 1897 ssh2","2014-06-22T23:19:37.000-0700",root,,,,,,,,1897,,,23,22,19,june,37,sunday,2014,"-420",,,,,,,,,,Network3HP,,,,,,main,,,,,"22.81670",1,"108.31670",,,,,,,,,,21688,sshd,,"--::-:__[]:______...___",,,,,,,,,,,"syslog.log","linux_secure",,RazLT,,"116.10.191.175",,,,,,,,25,0,,,,,,,,,,,,,,,
Nanning,China,,,,"Guangxi Zhuangzu Zizhiqu",,,"2014-06-22T23:18:10-07:00 localhost sshd[21667]: Accepted password for root from 116.10.191.175 port 22956 ssh2","2014-06-22T23:18:10.000-0700",root,,,,,,,,22956,,,23,22,18,june,10,sunday,2014,"-420",,,,,,,,,,Network3HP,,,,,,main,,,,,"22.81670",1,"108.31670",,,,,,,,,,21667,sshd,,"--::-:__[]:______...___",,,,,,,,,,,"syslog.log","linux_secure",,RazLT,,"116.10.191.175",,,,,,,,25,0,,,,,,,,,,,,,,,
Nanning,China,,,,"Guangxi Zhuangzu Zizhiqu",,,"2014-06-22T22:50:51-07:00 localhost sshd[21625]: Accepted password for root from 116.10.191.170 port 13840 ssh2","2014-06-22T22:50:51.000-0700",root,,,,,,,,13840,,,22,22,50,june,51,sunday,2014,"-420",,,,,,,,,,Network3HP,,,,,,main,,,,,"22.81670",1,"108.31670",,,,,,,,,,21625,sshd,,"--::-:__[]:______...___",,,,,,,,,,,"syslog.log","linux_secure",,RazLT,,"116.10.191.170",,,,,,,,25,0,,,,,,,,,,,,,,,
Nanning,China,,,,"Guangxi Zhuangzu Zizhiqu",,,"2014-06-22T21:48:18-07:00 localhost sshd[21413]: Accepted password for root from 116.10.191.199 port 15936 ssh2","2014-06-22T21:48:18.000-0700",root,,,,,,,,15936,,,21,22,48,june,18,sunday,2014,"-420",,,,,,,,,,Network3HP,,,,,,main,,,,,"22.81670",1,"108.31670",,,,,,,,,,21413,sshd,,"--::-:__[]:______...___",,,,,,,,,,,"syslog.log","linux_secure",,RazLT,,"116.10.191.199",,,,,,,,25,0,,,,,,,,,,,,,,,
Nanning,China,,,,"Guangxi Zhuangzu Zizhiqu",,,"2014-06-22T21:46:05-07:00 localhost sshd[21401]: Accepted password for root from 116.10.191.199 port 37361 ssh2","2014-06-22T21:46:05.000-0700",root,,,,,,,,37361,,,21,22,46,june,5,sunday,2014,"-420",,,,,,,,,,Network3HP,,,,,,main,,,,,"22.81670",1,"108.31670",,,,,,,,,,21401,sshd,,"--::-:__[]:______...___",,,,,,,,,,,"syslog.log","linux_secure",,RazLT,,"116.10.191.199",,,,,,,,25,0,,,,,,,,,,,,,,,
Hangzhou,China,,,,"Zhejiang Sheng",,,"2014-06-22T21:33:05-07:00 localhost sshd[21389]: Accepted password for root from 115.238.236.93 port 36598 ssh2","2014-06-22T21:33:05.000-0700",root,,,,,,,,36598,,,21,22,33,june,5,sunday,2014,"-420",,,,,,,,,,Network3HP,,,,,,main,,,,,"30.29360",1,"120.16140",,,,,,,,,,21389,sshd,,"--::-:__[]:______...___",,,,,,,,,,,"syslog.log","linux_secure",,RazLT,,"115.238.236.93",,,,,,,,25,0,,,,,,,,,,,,,,,
Nanning,China,,,,"Guangxi Zhuangzu Zizhiqu",,,"2014-06-22T20:30:06-07:00 localhost sshd[20719]: Accepted password for root from 116.10.191.181 port 29053 ssh2","2014-06-22T20:30:06.000-0700",root,,,,,,,,29053,,,20,22,30,june,6,sunday,2014,"-420",,,,,,,,,,Network3HP,,,,,,main,,,,,"22.81670",1,"108.31670",,,,,,,,,,20719,sshd,,"--::-:__[]:______...___",,,,,,,,,,,"syslog.log","linux_secure",,RazLT,,"116.10.191.181",,,,,,,,25,0,,,,,,,,,,,,,,,
Nanning,China,,,,"Guangxi Zhuangzu Zizhiqu",,,"2014-06-22T20:29:40-07:00 localhost sshd[20701]: Accepted password for root from 116.10.191.181 port 17090 ssh2","2014-06-22T20:29:40.000-0700",root,,,,,,,,17090,,,20,22,29,june,40,sunday,2014,"-420",,,,,,,,,,Network3HP,,,,,,main,,,,,"22.81670",1,"108.31670",,,,,,,,,,20701,sshd,,"--::-:__[]:______...___",,,,,,,,,,,"syslog.log","linux_secure",,RazLT,,"116.10.191.181",,,,,,,,25,0,,,,,,,,,,,,,,,
Huzhou,China,,,,"Zhejiang Sheng",,,"2014-06-22T20:21:58-07:00 localhost sshd[20421]: Accepted password for root from 61.174.51.225 port 1123 ssh2","2014-06-22T20:21:58.000-0700",root,,,,,,,,1123,,,20,22,21,june,58,sunday,2014,"-420",,,,,,,,,,Network3HP,,,,,,main,,,,,"30.87030",1,"120.09330",,,,,,,,,,20421,sshd,,"--::-:__[]:______...___",,,,,,,,,,,"syslog.log","linux_secure",,RazLT,,"61.174.51.225",,,,,,,,25,0,,,,,,,,,,,,,,,
Huzhou,China,,,,"Zhejiang Sheng",,,"2014-06-22T20:21:00-07:00 localhost sshd[20390]: Accepted password for root from 61.174.51.225 port 1173 ssh2","2014-06-22T20:21:00.000-0700",root,,,,,,,,1173,,,20,22,21,june,0,sunday,2014,"-420",,,,,,,,,,Network3HP,,,,,,main,,,,,"30.87030",1,"120.09330",,,,,,,,,,20390,sshd,,"--::-:__[]:______...___",,,,,,,,,,,"syslog.log","linux_secure",,RazLT,,"61.174.51.225",,,,,,,,25,0,,,,,,,,,,,,,,,
Nanning,China,,,,"Guangxi Zhuangzu Zizhiqu",,,"2014-06-22T19:15:51-07:00 localhost sshd[19508]: Accepted password for root from 116.10.191.189 port 11891 ssh2","2014-06-22T19:15:51.000-0700",root,,,,,,,,11891,,,19,22,15,june,51,sunday,2014,"-420",,,,,,,,,,Network3HP,,,,,,main,,,,,"22.81670",1,"108.31670",,,,,,,,,,19508,sshd,,"--::-:__[]:______...___",,,,,,,,,,,"syslog.log","linux_secure",,RazLT,,"116.10.191.189",,,,,,,,25,0,,,,,,,,,,,,,,,
Nanning,China,,,,"Guangxi Zhuangzu Zizhiqu",,,"2014-06-22T19:13:17-07:00 localhost sshd[19483]: Accepted password for root from 116.10.191.189 port 48485 ssh2","2014-06-22T19:13:17.000-0700",root,,,,,,,,48485,,,19,22,13,june,17,sunday,2014,"-420",,,,,,,,,,Network3HP,,,,,,main,,,,,"22.81670",1,"108.31670",,,,,,,,,,19483,sshd,,"--::-:__[]:______...___",,,,,,,,,,,"syslog.log","linux_secure",,RazLT,,"116.10.191.189",,,,,,,,25,0,,,,,,,,,,,,,,,
Nanning,China,,,,"Guangxi Zhuangzu Zizhiqu",,,"2014-06-22T17:32:56-07:00 localhost sshd[19157]: Accepted password for root from 116.10.191.236 port 25047 ssh2","2014-06-22T17:32:56.000-0700",root,,,,,,,,25047,,,17,22,32,june,56,sunday,2014,"-420",,,,,,,,,,Network3HP,,,,,,main,,,,,"22.81670",1,"108.31670",,,,,,,,,,19157,sshd,,"--::-:__[]:______...___",,,,,,,,,,,"syslog.log","linux_secure",,RazLT,,"116.10.191.236",,,,,,,,25,0,,,,,,,,,,,,,,,
Nanning,China,,,,"Guangxi Zhuangzu Zizhiqu",,,"2014-06-22T17:31:34-07:00 localhost sshd[19136]: Accepted password for root from 116.10.191.236 port 39880 ssh2","2014-06-22T17:31:34.000-0700",root,,,,,,,,39880,,,17,22,31,june,34,sunday,2014,"-420",,,,,,,,,,Network3HP,,,,,,main,,,,,"22.81670",1,"108.31670",,,,,,,,,,19136,sshd,,"--::-:__[]:______...___",,,,,,,,,,,"syslog.log","linux_secure",,RazLT,,"116.10.191.236",,,,,,,,25,0,,,,,,,,,,,,,,,
Nanning,China,,,,"Guangxi Zhuangzu Zizhiqu",,,"2014-06-22T16:31:02-07:00 localhost sshd[19039]: Accepted password for root from 116.10.191.186 port 39899 ssh2","2014-06-22T16:31:02.000-0700",root,,,,,,,,39899,,,16,22,31,june,2,sunday,2014,"-420",,,,,,,,,,Network3HP,,,,,,main,,,,,"22.81670",1,"108.31670",,,,,,,,,,19039,sshd,,"--::-:__[]:______...___",,,,,,,,,,,"syslog.log","linux_secure",,RazLT,,"116.10.191.186",,,,,,,,25,0,,,,,,,,,,,,,,,
Nanjing,China,,,,"Jiangsu Sheng",,,"2014-06-22T16:03:00-07:00 localhost sshd[18886]: Accepted password for root from 49.80.186.175 port 8722 ssh2","2014-06-22T16:03:00.000-0700",root,,,,,,,,8722,,,16,22,3,june,0,sunday,2014,"-420",,,,,,,,,,Network3HP,,,,,,main,,,,,"32.06170",1,"118.77780",,,,,,,,,,18886,sshd,,"--::-:__[]:______...___",,,,,,,,,,,"syslog.log","linux_secure",,RazLT,,"49.80.186.175",,,,,,,,25,0,,,,,,,,,,,,,,,
Nanjing,China,,,,"Jiangsu Sheng",,,"2014-06-22T15:44:58-07:00 localhost sshd[18731]: Accepted password for root from 49.80.186.175 port 5872 ssh2","2014-06-22T15:44:58.000-0700",root,,,,,,,,5872,,,15,22,44,june,58,sunday,2014,"-420",,,,,,,,,,Network3HP,,,,,,main,,,,,"32.06170",1,"118.77780",,,,,,,,,,18731,sshd,,"--::-:__[]:______...___",,,,,,,,,,,"syslog.log","linux_secure",,RazLT,,"49.80.186.175",,,,,,,,25,0,,,,,,,,,,,,,,,
Nanning,China,,,,"Guangxi Zhuangzu Zizhiqu",,,"2014-06-22T15:38:24-07:00 localhost sshd[18598]: Accepted password for root from 116.10.191.170 port 39491 ssh2","2014-06-22T15:38:24.000-0700",root,,,,,,,,39491,,,15,22,38,june,24,sunday,2014,"-420",,,,,,,,,,Network3HP,,,,,,main,,,,,"22.81670",1,"108.31670",,,,,,,,,,18598,sshd,,"--::-:__[]:______...___",,,,,,,,,,,"syslog.log","linux_secure",,RazLT,,"116.10.191.170",,,,,,,,25,0,,,,,,,,,,,,,,,
Nanning,China,,,,"Guangxi Zhuangzu Zizhiqu",,,"2014-06-22T15:37:03-07:00 localhost sshd[18588]: Accepted password for root from 116.10.191.170 port 13801 ssh2","2014-06-22T15:37:03.000-0700",root,,,,,,,,13801,,,15,22,37,june,3,sunday,2014,"-420",,,,,,,,,,Network3HP,,,,,,main,,,,,"22.81670",1,"108.31670",,,,,,,,,,18588,sshd,,"--::-:__[]:______...___",,,,,,,,,,,"syslog.log","linux_secure",,RazLT,,"116.10.191.170",,,,,,,,25,0,,,,,,,,,,,,,,,
Nanning,China,,,,"Guangxi Zhuangzu Zizhiqu",,,"2014-06-22T15:12:35-07:00 localhost sshd[18451]: Accepted password for root from 116.10.191.177 port 52468 ssh2","2014-06-22T15:12:35.000-0700",root,,,,,,,,52468,,,15,22,12,june,35,sunday,2014,"-420",,,,,,,,,,Network3HP,,,,,,main,,,,,"22.81670",1,"108.31670",,,,,,,,,,18451,sshd,,"--::-:__[]:______...___",,,,,,,,,,,"syslog.log","linux_secure",,RazLT,,"116.10.191.177",,,,,,,,25,0,,,,,,,,,,,,,,,
Nanning,China,,,,"Guangxi Zhuangzu Zizhiqu",,,"2014-06-22T15:11:48-07:00 localhost sshd[18430]: Accepted password for root from 116.10.191.177 port 28515 ssh2","2014-06-22T15:11:48.000-0700",root,,,,,,,,28515,,,15,22,11,june,48,sunday,2014,"-420",,,,,,,,,,Network3HP,,,,,,main,,,,,"22.81670",1,"108.31670",,,,,,,,,,18430,sshd,,"--::-:__[]:______...___",,,,,,,,,,,"syslog.log","linux_secure",,RazLT,,"116.10.191.177",,,,,,,,25,0,,,,,,,,,,,,,,,
Nanning,China,,,,"Guangxi Zhuangzu Zizhiqu",,,"2014-06-22T14:42:43-07:00 localhost sshd[18257]: Accepted password for root from 116.10.191.199 port 24497 ssh2","2014-06-22T14:42:43.000-0700",root,,,,,,,,24497,,,14,22,42,june,43,sunday,2014,"-420",,,,,,,,,,Network3HP,,,,,,main,,,,,"22.81670",1,"108.31670",,,,,,,,,,18257,sshd,,"--::-:__[]:______...___",,,,,,,,,,,"syslog.log","linux_secure",,RazLT,,"116.10.191.199",,,,,,,,25,0,,,,,,,,,,,,,,,
Nanning,China,,,,"Guangxi Zhuangzu Zizhiqu",,,"2014-06-22T14:40:24-07:00 localhost sshd[18248]: Accepted password for root from 116.10.191.199 port 50379 ssh2","2014-06-22T14:40:24.000-0700",root,,,,,,,,50379,,,14,22,40,june,24,sunday,2014,"-420",,,,,,,,,,Network3HP,,,,,,main,,,,,"22.81670",1,"108.31670",,,,,,,,,,18248,sshd,,"--::-:__[]:______...___",,,,,,,,,,,"syslog.log","linux_secure",,RazLT,,"116.10.191.199",,,,,,,,25,0,,,,,,,,,,,,,,,
Huzhou,China,,,,"Zhejiang Sheng",,,"2014-06-22T11:52:40-07:00 localhost sshd[17713]: Accepted password for root from 61.174.51.218 port 55619 ssh2","2014-06-22T11:52:40.000-0700",root,,,,,,,,55619,,,11,22,52,june,40,sunday,2014,"-420",,,,,,,,,,Network3HP,,,,,,main,,,,,"30.87030",1,"120.09330",,,,,,,,,,17713,sshd,,"--::-:__[]:______...___",,,,,,,,,,,"syslog.log","linux_secure",,RazLT,,"61.174.51.218",,,,,,,,25,0,,,,,,,,,,,,,,,
Huzhou,China,,,,"Zhejiang Sheng",,,"2014-06-22T11:50:30-07:00 localhost sshd[17677]: Accepted password for root from 61.174.51.218 port 10752 ssh2","2014-06-22T11:50:30.000-0700",root,,,,,,,,10752,,,11,22,50,june,30,sunday,2014,"-420",,,,,,,,,,Network3HP,,,,,,main,,,,,"30.87030",1,"120.09330",,,,,,,,,,17677,sshd,,"--::-:__[]:______...___",,,,,,,,,,,"syslog.log","linux_secure",,RazLT,,"61.174.51.218",,,,,,,,25,0,,,,,,,,,,,,,,,
Nanning,China,,,,"Guangxi Zhuangzu Zizhiqu",,,"2014-06-22T10:35:21-07:00 localhost sshd[17470]: Accepted password for root from 116.10.191.170 port 50638 ssh2","2014-06-22T10:35:21.000-0700",root,,,,,,,,50638,,,10,22,35,june,21,sunday,2014,"-420",,,,,,,,,,Network3HP,,,,,,main,,,,,"22.81670",1,"108.31670",,,,,,,,,,17470,sshd,,"--::-:__[]:______...___",,,,,,,,,,,"syslog.log","linux_secure",,RazLT,,"116.10.191.170",,,,,,,,25,0,,,,,,,,,,,,,,,
Nanning,China,,,,"Guangxi Zhuangzu Zizhiqu",,,"2014-06-22T10:35:01-07:00 localhost sshd[17461]: Accepted password for root from 116.10.191.170 port 42868 ssh2","2014-06-22T10:35:01.000-0700",root,,,,,,,,42868,,,10,22,35,june,1,sunday,2014,"-420",,,,,,,,,,Network3HP,,,,,,main,,,,,"22.81670",1,"108.31670",,,,,,,,,,17461,sshd,,"--::-:__[]:______...___",,,,,,,,,,,"syslog.log","linux_secure",,RazLT,,"116.10.191.170",,,,,,,,25,0,,,,,,,,,,,,,,,
Nanning,China,,,,"Guangxi Zhuangzu Zizhiqu",,,"2014-06-22T10:24:06-07:00 localhost sshd[17325]: Accepted password for root from 116.10.191.163 port 9630 ssh2","2014-06-22T10:24:06.000-0700",root,,,,,,,,9630,,,10,22,24,june,6,sunday,2014,"-420",,,,,,,,,,Network3HP,,,,,,main,,,,,"22.81670",1,"108.31670",,,,,,,,,,17325,sshd,,"--::-:__[]:______...___",,,,,,,,,,,"syslog.log","linux_secure",,RazLT,,"116.10.191.163",,,,,,,,25,0,,,,,,,,,,,,,,,
Nanning,China,,,,"Guangxi Zhuangzu Zizhiqu",,,"2014-06-22T10:22:45-07:00 localhost sshd[17295]: Accepted password for root from 116.10.191.163 port 26416 ssh2","2014-06-22T10:22:45.000-0700",root,,,,,,,,26416,,,10,22,22,june,45,sunday,2014,"-420",,,,,,,,,,Network3HP,,,,,,main,,,,,"22.81670",1,"108.31670",,,,,,,,,,17295,sshd,,"--::-:__[]:______...___",,,,,,,,,,,"syslog.log","linux_secure",,RazLT,,"116.10.191.163",,,,,,,,25,0,,,,,,,,,,,,,,,
Huzhou,China,,,,"Zhejiang Sheng",,,"2014-06-22T09:17:18-07:00 localhost sshd[17090]: Accepted password for root from 61.174.51.194 port 32612 ssh2","2014-06-22T09:17:18.000-0700",root,,,,,,,,32612,,,9,22,17,june,18,sunday,2014,"-420",,,,,,,,,,Network3HP,,,,,,main,,,,,"30.87030",1,"120.09330",,,,,,,,,,17090,sshd,,"--::-:__[]:______...___",,,,,,,,,,,"syslog.log","linux_secure",,RazLT,,"61.174.51.194",,,,,,,,25,0,,,,,,,,,,,,,,,
Huzhou,China,,,,"Zhejiang Sheng",,,"2014-06-22T09:15:34-07:00 localhost sshd[17041]: Accepted password for root from 61.174.51.194 port 40856 ssh2","2014-06-22T09:15:34.000-0700",root,,,,,,,,40856,,,9,22,15,june,34,sunday,2014,"-420",,,,,,,,,,Network3HP,,,,,,main,,,,,"30.87030",1,"120.09330",,,,,,,,,,17041,sshd,,"--::-:__[]:______...___",,,,,,,,,,,"syslog.log","linux_secure",,RazLT,,"61.174.51.194",,,,,,,,25,0,,,,,,,,,,,,,,,
Nanning,China,,,,"Guangxi Zhuangzu Zizhiqu",,,"2014-06-22T07:57:27-07:00 localhost sshd[16833]: Accepted password for root from 116.10.191.170 port 41521 ssh2","2014-06-22T07:57:27.000-0700",root,,,,,,,,41521,,,7,22,57,june,27,sunday,2014,"-420",,,,,,,,,,Network3HP,,,,,,main,,,,,"22.81670",1,"108.31670",,,,,,,,,,16833,sshd,,"--::-:__[]:______...___",,,,,,,,,,,"syslog.log","linux_secure",,RazLT,,"116.10.191.170",,,,,,,,25,0,,,,,,,,,,,,,,,
Nanning,China,,,,"Guangxi Zhuangzu Zizhiqu",,,"2014-06-22T07:54:58-07:00 localhost sshd[16824]: Accepted password for root from 116.10.191.170 port 42978 ssh2","2014-06-22T07:54:58.000-0700",root,,,,,,,,42978,,,7,22,54,june,58,sunday,2014,"-420",,,,,,,,,,Network3HP,,,,,,main,,,,,"22.81670",1,"108.31670",,,,,,,,,,16824,sshd,,"--::-:__[]:______...___",,,,,,,,,,,"syslog.log","linux_secure",,RazLT,,"116.10.191.170",,,,,,,,25,0,,,,,,,,,,,,,,,
Huzhou,China,,,,"Zhejiang Sheng",,,"2014-06-22T07:23:25-07:00 localhost sshd[16680]: Accepted password for root from 61.174.51.223 port 43337 ssh2","2014-06-22T07:23:25.000-0700",root,,,,,,,,43337,,,7,22,23,june,25,sunday,2014,"-420",,,,,,,,,,Network3HP,,,,,,main,,,,,"30.87030",1,"120.09330",,,,,,,,,,16680,sshd,,"--::-:__[]:______...___",,,,,,,,,,,"syslog.log","linux_secure",,RazLT,,"61.174.51.223",,,,,,,,25,0,,,,,,,,,,,,,,,
Huzhou,China,,,,"Zhejiang Sheng",,,"2014-06-22T07:21:05-07:00 localhost sshd[16642]: Accepted password for root from 61.174.51.223 port 27344 ssh2","2014-06-22T07:21:05.000-0700",root,,,,,,,,27344,,,7,22,21,june,5,sunday,2014,"-420",,,,,,,,,,Network3HP,,,,,,main,,,,,"30.87030",1,"120.09330",,,,,,,,,,16642,sshd,,"--::-:__[]:______...___",,,,,,,,,,,"syslog.log","linux_secure",,RazLT,,"61.174.51.223",,,,,,,,25,0,,,,,,,,,,,,,,,
Nanning,China,,,,"Guangxi Zhuangzu Zizhiqu",,,"2014-06-22T06:29:33-07:00 localhost sshd[16476]: Accepted password for root from 116.10.191.207 port 58951 ssh2","2014-06-22T06:29:33.000-0700",root,,,,,,,,58951,,,6,22,29,june,33,sunday,2014,"-420",,,,,,,,,,Network3HP,,,,,,main,,,,,"22.81670",1,"108.31670",,,,,,,,,,16476,sshd,,"--::-:__[]:______...___",,,,,,,,,,,"syslog.log","linux_secure",,RazLT,,"116.10.191.207",,,,,,,,25,0,,,,,,,,,,,,,,,
Nanning,China,,,,"Guangxi Zhuangzu Zizhiqu",,,"2014-06-22T06:28:44-07:00 localhost sshd[16457]: Accepted password for root from 116.10.191.207 port 39348 ssh2","2014-06-22T06:28:44.000-0700",root,,,,,,,,39348,,,6,22,28,june,44,sunday,2014,"-420",,,,,,,,,,Network3HP,,,,,,main,,,,,"22.81670",1,"108.31670",,,,,,,,,,16457,sshd,,"--::-:__[]:______...___",,,,,,,,,,,"syslog.log","linux_secure",,RazLT,,"116.10.191.207",,,,,,,,25,0,,,,,,,,,,,,,,,
Nanning,China,,,,"Guangxi Zhuangzu Zizhiqu",,,"2014-06-22T06:13:09-07:00 localhost sshd[16285]: Accepted password for root from 116.10.191.170 port 1254 ssh2","2014-06-22T06:13:09.000-0700",root,,,,,,,,1254,,,6,22,13,june,9,sunday,2014,"-420",,,,,,,,,,Network3HP,,,,,,main,,,,,"22.81670",1,"108.31670",,,,,,,,,,16285,sshd,,"--::-:__[]:______...___",,,,,,,,,,,"syslog.log","linux_secure",,RazLT,,"116.10.191.170",,,,,,,,25,0,,,,,,,,,,,,,,,
Nanning,China,,,,"Guangxi Zhuangzu Zizhiqu",,,"2014-06-22T06:10:46-07:00 localhost sshd[16275]: Accepted password for root from 116.10.191.170 port 59465 ssh2","2014-06-22T06:10:46.000-0700",root,,,,,,,,59465,,,6,22,10,june,46,sunday,2014,"-420",,,,,,,,,,Network3HP,,,,,,main,,,,,"22.81670",1,"108.31670",,,,,,,,,,16275,sshd,,"--::-:__[]:______...___",,,,,,,,,,,"syslog.log","linux_secure",,RazLT,,"116.10.191.170",,,,,,,,25,0,,,,,,,,,,,,,,,
Nanning,China,,,,"Guangxi Zhuangzu Zizhiqu",,,"2014-06-22T05:05:01-07:00 localhost sshd[16191]: Accepted password for root from 116.10.191.203 port 39980 ssh2","2014-06-22T05:05:01.000-0700",root,,,,,,,,39980,,,5,22,5,june,1,sunday,2014,"-420",,,,,,,,,,Network3HP,,,,,,main,,,,,"22.81670",1,"108.31670",,,,,,,,,,16191,sshd,,"--::-:__[]:______...___",,,,,,,,,,,"syslog.log","linux_secure",,RazLT,,"116.10.191.203",,,,,,,,25,0,,,,,,,,,,,,,,,
Nanning,China,,,,"Guangxi Zhuangzu Zizhiqu",,,"2014-06-22T04:04:57-07:00 localhost sshd[15984]: Accepted password for root from 116.10.191.170 port 51830 ssh2","2014-06-22T04:04:57.000-0700",root,,,,,,,,51830,,,4,22,4,june,57,sunday,2014,"-420",,,,,,,,,,Network3HP,,,,,,main,,,,,"22.81670",1,"108.31670",,,,,,,,,,15984,sshd,,"--::-:__[]:______...___",,,,,,,,,,,"syslog.log","linux_secure",,RazLT,,"116.10.191.170",,,,,,,,25,0,,,,,,,,,,,,,,,
Nanning,China,,,,"Guangxi Zhuangzu Zizhiqu",,,"2014-06-22T04:02:43-07:00 localhost sshd[15975]: Accepted password for root from 116.10.191.170 port 18993 ssh2","2014-06-22T04:02:43.000-0700",root,,,,,,,,18993,,,4,22,2,june,43,sunday,2014,"-420",,,,,,,,,,Network3HP,,,,,,main,,,,,"22.81670",1,"108.31670",,,,,,,,,,15975,sshd,,"--::-:__[]:______...___",,,,,,,,,,,"syslog.log","linux_secure",,RazLT,,"116.10.191.170",,,,,,,,25,0,,,,,,,,,,,,,,,
Hanoi,Vietnam,,,,"Thanh Pho Ha Noi",,,"2014-06-22T03:42:13-07:00 localhost sshd[15931]: Accepted password for root from 116.111.51.138 port 61333 ssh2","2014-06-22T03:42:13.000-0700",root,,,,,,,,61333,,,3,22,42,june,13,sunday,2014,"-420",,,,,,,,,,Network3HP,,,,,,main,,,,,"21.03330",1,"105.85000",,,,,,,,,,15931,sshd,,"--::-:__[]:______...___",,,,,,,,,,,"syslog.log","linux_secure",,RazLT,,"116.111.51.138",,,,,,,,25,0,,,,,,,,,,,,,,,
"",Brazil,,,,"",,,"2014-06-22T03:10:54-07:00 localhost sshd[15788]: Accepted password for root from 191.238.44.188 port 1076 ssh2","2014-06-22T03:10:54.000-0700",root,,,,,,,,1076,,,3,22,10,june,54,sunday,2014,"-420",,,,,,,,,,Network3HP,,,,,,main,,,,,"-10.00000",1,"-55.00000",,,,,,,,,,15788,sshd,,"--::-:__[]:______...___",,,,,,,,,,,"syslog.log","linux_secure",,RazLT,,"191.238.44.188",,,,,,,,25,0,,,,,,,,,,,,,,,
Nanning,China,,,,"Guangxi Zhuangzu Zizhiqu",,,"2014-06-22T02:52:57-07:00 localhost sshd[15560]: Accepted password for root from 116.10.191.169 port 41146 ssh2","2014-06-22T02:52:57.000-0700",root,,,,,,,,41146,,,2,22,52,june,57,sunday,2014,"-420",,,,,,,,,,Network3HP,,,,,,main,,,,,"22.81670",1,"108.31670",,,,,,,,,,15560,sshd,,"--::-:__[]:______...___",,,,,,,,,,,"syslog.log","linux_secure",,RazLT,,"116.10.191.169",,,,,,,,25,0,,,,,,,,,,,,,,,
Nanning,China,,,,"Guangxi Zhuangzu Zizhiqu",,,"2014-06-22T02:52:04-07:00 localhost sshd[15551]: Accepted password for root from 116.10.191.169 port 30311 ssh2","2014-06-22T02:52:04.000-0700",root,,,,,,,,30311,,,2,22,52,june,4,sunday,2014,"-420",,,,,,,,,,Network3HP,,,,,,main,,,,,"22.81670",1,"108.31670",,,,,,,,,,15551,sshd,,"--::-:__[]:______...___",,,,,,,,,,,"syslog.log","linux_secure",,RazLT,,"116.10.191.169",,,,,,,,25,0,,,,,,,,,,,,,,,
Nanning,China,,,,"Guangxi Zhuangzu Zizhiqu",,,"2014-06-22T01:53:30-07:00 localhost sshd[15322]: Accepted password for root from 116.10.191.170 port 7548 ssh2","2014-06-22T01:53:30.000-0700",root,,,,,,,,7548,,,1,22,53,june,30,sunday,2014,"-420",,,,,,,,,,Network3HP,,,,,,main,,,,,"22.81670",1,"108.31670",,,,,,,,,,15322,sshd,,"--::-:__[]:______...___",,,,,,,,,,,"syslog.log","linux_secure",,RazLT,,"116.10.191.170",,,,,,,,25,0,,,,,,,,,,,,,,,
Nanning,China,,,,"Guangxi Zhuangzu Zizhiqu",,,"2014-06-22T01:53:06-07:00 localhost sshd[15313]: Accepted password for root from 116.10.191.170 port 55483 ssh2","2014-06-22T01:53:06.000-0700",root,,,,,,,,55483,,,1,22,53,june,6,sunday,2014,"-420",,,,,,,,,,Network3HP,,,,,,main,,,,,"22.81670",1,"108.31670",,,,,,,,,,15313,sshd,,"--::-:__[]:______...___",,,,,,,,,,,"syslog.log","linux_secure",,RazLT,,"116.10.191.170",,,,,,,,25,0,,,,,,,,,,,,,,,
Nanning,China,,,,"Guangxi Zhuangzu Zizhiqu",,,"2014-06-21T22:18:27-07:00 localhost sshd[14868]: Accepted password for root from 116.10.191.223 port 20686 ssh2","2014-06-21T22:18:27.000-0700",root,,,,,,,,20686,,,22,21,18,june,27,saturday,2014,"-420",,,,,,,,,,Network3HP,,,,,,main,,,,,"22.81670",1,"108.31670",,,,,,,,,,14868,sshd,,"--::-:__[]:______...___",,,,,,,,,,,"syslog.log","linux_secure",,RazLT,,"116.10.191.223",,,,,,,,25,0,,,,,,,,,,,,,,,
Nanning,China,,,,"Guangxi Zhuangzu Zizhiqu",,,"2014-06-21T22:15:11-07:00 localhost sshd[14803]: Accepted password for root from 116.10.191.223 port 4567 ssh2","2014-06-21T22:15:11.000-0700",root,,,,,,,,4567,,,22,21,15,june,11,saturday,2014,"-420",,,,,,,,,,Network3HP,,,,,,main,,,,,"22.81670",1,"108.31670",,,,,,,,,,14803,sshd,,"--::-:__[]:______...___",,,,,,,,,,,"syslog.log","linux_secure",,RazLT,,"116.10.191.223",,,,,,,,25,0,,,,,,,,,,,,,,,
Nanning,China,,,,"Guangxi Zhuangzu Zizhiqu",,,"2014-06-21T20:07:00-07:00 localhost sshd[14548]: Accepted password for root from 116.10.191.170 port 7757 ssh2","2014-06-21T20:07:00.000-0700",root,,,,,,,,7757,,,20,21,7,june,0,saturday,2014,"-420",,,,,,,,,,Network3HP,,,,,,main,,,,,"22.81670",1,"108.31670",,,,,,,,,,14548,sshd,,"--::-:__[]:______...___",,,,,,,,,,,"syslog.log","linux_secure",,RazLT,,"116.10.191.170",,,,,,,,25,0,,,,,,,,,,,,,,,
Nanning,China,,,,"Guangxi Zhuangzu Zizhiqu",,,"2014-06-21T20:04:50-07:00 localhost sshd[14537]: Accepted password for root from 116.10.191.170 port 38726 ssh2","2014-06-21T20:04:50.000-0700",root,,,,,,,,38726,,,20,21,4,june,50,saturday,2014,"-420",,,,,,,,,,Network3HP,,,,,,main,,,,,"22.81670",1,"108.31670",,,,,,,,,,14537,sshd,,"--::-:__[]:______...___",,,,,,,,,,,"syslog.log","linux_secure",,RazLT,,"116.10.191.170",,,,,,,,25,0,,,,,,,,,,,,,,,
Huzhou,China,,,,"Zhejiang Sheng",,,"2014-06-21T20:03:45-07:00 localhost sshd[14406]: Accepted password for root from 61.174.51.212 port 1191 ssh2","2014-06-21T20:03:45.000-0700",root,,,,,,,,1191,,,20,21,3,june,45,saturday,2014,"-420",,,,,,,,,,Network3HP,,,,,,main,,,,,"30.87030",1,"120.09330",,,,,,,,,,14406,sshd,,"--::-:__[]:______...___",,,,,,,,,,,"syslog.log","linux_secure",,RazLT,,"61.174.51.212",,,,,,,,25,0,,,,,,,,,,,,,,,
Huzhou,China,,,,"Zhejiang Sheng",,,"2014-06-21T20:01:47-07:00 localhost sshd[14384]: Accepted password for root from 61.174.51.212 port 44454 ssh2","2014-06-21T20:01:47.000-0700",root,,,,,,,,44454,,,20,21,1,june,47,saturday,2014,"-420",,,,,,,,,,Network3HP,,,,,,main,,,,,"30.87030",1,"120.09330",,,,,,,,,,14384,sshd,,"--::-:__[]:______...___",,,,,,,,,,,"syslog.log","linux_secure",,RazLT,,"61.174.51.212",,,,,,,,25,0,,,,,,,,,,,,,,,
Nanning,China,,,,"Guangxi Zhuangzu Zizhiqu",,,"2014-06-21T19:57:35-07:00 localhost sshd[14231]: Accepted password for root from 116.10.191.170 port 7267 ssh2","2014-06-21T19:57:35.000-0700",root,,,,,,,,7267,,,19,21,57,june,35,saturday,2014,"-420",,,,,,,,,,Network3HP,,,,,,main,,,,,"22.81670",1,"108.31670",,,,,,,,,,14231,sshd,,"--::-:__[]:______...___",,,,,,,,,,,"syslog.log","linux_secure",,RazLT,,"116.10.191.170",,,,,,,,25,0,,,,,,,,,,,,,,,
Nanning,China,,,,"Guangxi Zhuangzu Zizhiqu",,,"2014-06-21T19:56:49-07:00 localhost sshd[14222]: Accepted password for root from 116.10.191.170 port 46651 ssh2","2014-06-21T19:56:49.000-0700",root,,,,,,,,46651,,,19,21,56,june,49,saturday,2014,"-420",,,,,,,,,,Network3HP,,,,,,main,,,,,"22.81670",1,"108.31670",,,,,,,,,,14222,sshd,,"--::-:__[]:______...___",,,,,,,,,,,"syslog.log","linux_secure",,RazLT,,"116.10.191.170",,,,,,,,25,0,,,,,,,,,,,,,,,
Hefei,China,,,,"Anhui Sheng",,,"2014-06-21T19:54:53-07:00 localhost sshd[14217]: Accepted password for root from 60.173.9.42 port 1319 ssh2","2014-06-21T19:54:53.000-0700",root,,,,,,,,1319,,,19,21,54,june,53,saturday,2014,"-420",,,,,,,,,,Network3HP,,,,,,main,,,,,"31.86390",1,"117.28080",,,,,,,,,,14217,sshd,,"--::-:__[]:______...___",,,,,,,,,,,"syslog.log","linux_secure",,RazLT,,"60.173.9.42",,,,,,,,25,0,,,,,,,,,,,,,,,
Nanning,China,,,,"Guangxi Zhuangzu Zizhiqu",,,"2014-06-21T19:45:22-07:00 localhost sshd[14061]: Accepted password for root from 116.10.191.199 port 17340 ssh2","2014-06-21T19:45:22.000-0700",root,,,,,,,,17340,,,19,21,45,june,22,saturday,2014,"-420",,,,,,,,,,Network3HP,,,,,,main,,,,,"22.81670",1,"108.31670",,,,,,,,,,14061,sshd,,"--::-:__[]:______...___",,,,,,,,,,,"syslog.log","linux_secure",,RazLT,,"116.10.191.199",,,,,,,,25,0,,,,,,,,,,,,,,,
Nanning,China,,,,"Guangxi Zhuangzu Zizhiqu",,,"2014-06-21T19:44:53-07:00 localhost sshd[14052]: Accepted password for root from 116.10.191.199 port 9811 ssh2","2014-06-21T19:44:53.000-0700",root,,,,,,,,9811,,,19,21,44,june,53,saturday,2014,"-420",,,,,,,,,,Network3HP,,,,,,main,,,,,"22.81670",1,"108.31670",,,,,,,,,,14052,sshd,,"--::-:__[]:______...___",,,,,,,,,,,"syslog.log","linux_secure",,RazLT,,"116.10.191.199",,,,,,,,25,0,,,,,,,,,,,,,,,
Nanning,China,,,,"Guangxi Zhuangzu Zizhiqu",,,"2014-06-21T19:19:47-07:00 localhost sshd[13907]: Accepted password for root from 116.10.191.198 port 1249 ssh2","2014-06-21T19:19:47.000-0700",root,,,,,,,,1249,,,19,21,19,june,47,saturday,2014,"-420",,,,,,,,,,Network3HP,,,,,,main,,,,,"22.81670",1,"108.31670",,,,,,,,,,13907,sshd,,"--::-:__[]:______...___",,,,,,,,,,,"syslog.log","linux_secure",,RazLT,,"116.10.191.198",,,,,,,,25,0,,,,,,,,,,,,,,,
Nanning,China,,,,"Guangxi Zhuangzu Zizhiqu",,,"2014-06-21T19:17:25-07:00 localhost sshd[13895]: Accepted password for root from 116.10.191.198 port 17367 ssh2","2014-06-21T19:17:25.000-0700",root,,,,,,,,17367,,,19,21,17,june,25,saturday,2014,"-420",,,,,,,,,,Network3HP,,,,,,main,,,,,"22.81670",1,"108.31670",,,,,,,,,,13895,sshd,,"--::-:__[]:______...___",,,,,,,,,,,"syslog.log","linux_secure",,RazLT,,"116.10.191.198",,,,,,,,25,0,,,,,,,,,,,,,,,
Nanning,China,,,,"Guangxi Zhuangzu Zizhiqu",,,"2014-06-21T17:47:38-07:00 localhost sshd[13676]: Accepted password for root from 116.10.191.180 port 28754 ssh2","2014-06-21T17:47:38.000-0700",root,,,,,,,,28754,,,17,21,47,june,38,saturday,2014,"-420",,,,,,,,,,Network3HP,,,,,,main,,,,,"22.81670",1,"108.31670",,,,,,,,,,13676,sshd,,"--::-:__[]:______...___",,,,,,,,,,,"syslog.log","linux_secure",,RazLT,,"116.10.191.180",,,,,,,,25,0,,,,,,,,,,,,,,,
Nanning,China,,,,"Guangxi Zhuangzu Zizhiqu",,,"2014-06-21T17:45:18-07:00 localhost sshd[13665]: Accepted password for root from 116.10.191.180 port 46739 ssh2","2014-06-21T17:45:18.000-0700",root,,,,,,,,46739,,,17,21,45,june,18,saturday,2014,"-420",,,,,,,,,,Network3HP,,,,,,main,,,,,"22.81670",1,"108.31670",,,,,,,,,,13665,sshd,,"--::-:__[]:______...___",,,,,,,,,,,"syslog.log","linux_secure",,RazLT,,"116.10.191.180",,,,,,,,25,0,,,,,,,,,,,,,,,
Nanning,China,,,,"Guangxi Zhuangzu Zizhiqu",,,"2014-06-21T17:15:23-07:00 localhost sshd[13519]: Accepted password for root from 116.10.191.164 port 12305 ssh2","2014-06-21T17:15:23.000-0700",root,,,,,,,,12305,,,17,21,15,june,23,saturday,2014,"-420",,,,,,,,,,Network3HP,,,,,,main,,,,,"22.81670",1,"108.31670",,,,,,,,,,13519,sshd,,"--::-:__[]:______...___",,,,,,,,,,,"syslog.log","linux_secure",,RazLT,,"116.10.191.164",,,,,,,,25,0,,,,,,,,,,,,,,,
Nanning,China,,,,"Guangxi Zhuangzu Zizhiqu",,,"2014-06-21T17:14:23-07:00 localhost sshd[13496]: Accepted password for root from 116.10.191.164 port 30206 ssh2","2014-06-21T17:14:23.000-0700",root,,,,,,,,30206,,,17,21,14,june,23,saturday,2014,"-420",,,,,,,,,,Network3HP,,,,,,main,,,,,"22.81670",1,"108.31670",,,,,,,,,,13496,sshd,,"--::-:__[]:______...___",,,,,,,,,,,"syslog.log","linux_secure",,RazLT,,"116.10.191.164",,,,,,,,25,0,,,,,,,,,,,,,,,
Nanning,China,,,,"Guangxi Zhuangzu Zizhiqu",,,"2014-06-21T15:43:05-07:00 localhost sshd[13027]: Accepted password for root from 116.10.191.170 port 9611 ssh2","2014-06-21T15:43:05.000-0700",root,,,,,,,,9611,,,15,21,43,june,5,saturday,2014,"-420",,,,,,,,,,Network3HP,,,,,,main,,,,,"22.81670",1,"108.31670",,,,,,,,,,13027,sshd,,"--::-:__[]:______...___",,,,,,,,,,,"syslog.log","linux_secure",,RazLT,,"116.10.191.170",,,,,,,,25,0,,,,,,,,,,,,,,,
Nanning,China,,,,"Guangxi Zhuangzu Zizhiqu",,,"2014-06-21T15:40:34-07:00 localhost sshd[13017]: Accepted password for root from 116.10.191.170 port 18081 ssh2","2014-06-21T15:40:34.000-0700",root,,,,,,,,18081,,,15,21,40,june,34,saturday,2014,"-420",,,,,,,,,,Network3HP,,,,,,main,,,,,"22.81670",1,"108.31670",,,,,,,,,,13017,sshd,,"--::-:__[]:______...___",,,,,,,,,,,"syslog.log","linux_secure",,RazLT,,"116.10.191.170",,,,,,,,25,0,,,,,,,,,,,,,,,
Nanning,China,,,,"Guangxi Zhuangzu Zizhiqu",,,"2014-06-21T15:14:10-07:00 localhost sshd[12837]: Accepted password for root from 116.10.191.184 port 9143 ssh2","2014-06-21T15:14:10.000-0700",root,,,,,,,,9143,,,15,21,14,june,10,saturday,2014,"-420",,,,,,,,,,Network3HP,,,,,,main,,,,,"22.81670",1,"108.31670",,,,,,,,,,12837,sshd,,"--::-:__[]:______...___",,,,,,,,,,,"syslog.log","linux_secure",,RazLT,,"116.10.191.184",,,,,,,,25,0,,,,,,,,,,,,,,,
Nanning,China,,,,"Guangxi Zhuangzu Zizhiqu",,,"2014-06-21T15:11:59-07:00 localhost sshd[12828]: Accepted password for root from 116.10.191.184 port 19657 ssh2","2014-06-21T15:11:59.000-0700",root,,,,,,,,19657,,,15,21,11,june,59,saturday,2014,"-420",,,,,,,,,,Network3HP,,,,,,main,,,,,"22.81670",1,"108.31670",,,,,,,,,,12828,sshd,,"--::-:__[]:______...___",,,,,,,,,,,"syslog.log","linux_secure",,RazLT,,"116.10.191.184",,,,,,,,25,0,,,,,,,,,,,,,,,
Nanjing,China,,,,"Jiangsu Sheng",,,"2014-06-21T14:17:49-07:00 localhost sshd[12639]: Accepted password for root from 49.80.151.82 port 37005 ssh2","2014-06-21T14:17:49.000-0700",root,,,,,,,,37005,,,14,21,17,june,49,saturday,2014,"-420",,,,,,,,,,Network3HP,,,,,,main,,,,,"32.06170",1,"118.77780",,,,,,,,,,12639,sshd,,"--::-:__[]:______...___",,,,,,,,,,,"syslog.log","linux_secure",,RazLT,,"49.80.151.82",,,,,,,,25,0,,,,,,,,,,,,,,,
Huzhou,China,,,,"Zhejiang Sheng",,,"2014-06-21T14:16:37-07:00 localhost sshd[12503]: Accepted password for root from 61.174.51.214 port 1304 ssh2","2014-06-21T14:16:37.000-0700",root,,,,,,,,1304,,,14,21,16,june,37,saturday,2014,"-420",,,,,,,,,,Network3HP,,,,,,main,,,,,"30.87030",1,"120.09330",,,,,,,,,,12503,sshd,,"--::-:__[]:______...___",,,,,,,,,,,"syslog.log","linux_secure",,RazLT,,"61.174.51.214",,,,,,,,25,0,,,,,,,,,,,,,,,
Huzhou,China,,,,"Zhejiang Sheng",,,"2014-06-21T14:15:10-07:00 localhost sshd[12479]: Accepted password for root from 61.174.51.214 port 27027 ssh2","2014-06-21T14:15:10.000-0700",root,,,,,,,,27027,,,14,21,15,june,10,saturday,2014,"-420",,,,,,,,,,Network3HP,,,,,,main,,,,,"30.87030",1,"120.09330",,,,,,,,,,12479,sshd,,"--::-:__[]:______...___",,,,,,,,,,,"syslog.log","linux_secure",,RazLT,,"61.174.51.214",,,,,,,,25,0,,,,,,,,,,,,,,,
Nanjing,China,,,,"Jiangsu Sheng",,,"2014-06-21T11:11:55-07:00 localhost sshd[12162]: Accepted password for root from 61.155.161.189 port 38347 ssh2","2014-06-21T11:11:55.000-0700",root,,,,,,,,38347,,,11,21,11,june,55,saturday,2014,"-420",,,,,,,,,,Network3HP,,,,,,main,,,,,"32.06170",1,"118.77780",,,,,,,,,,12162,sshd,,"--::-:__[]:______...___",,,,,,,,,,,"syslog.log","linux_secure",,RazLT,,"61.155.161.189",,,,,,,,25,0,,,,,,,,,,,,,,,
Huzhou,China,,,,"Zhejiang Sheng",,,"2014-06-21T08:05:05-07:00 localhost sshd[11851]: Accepted password for root from 61.174.51.230 port 33300 ssh2","2014-06-21T08:05:05.000-0700",root,,,,,,,,33300,,,8,21,5,june,5,saturday,2014,"-420",,,,,,,,,,Network3HP,,,,,,main,,,,,"30.87030",1,"120.09330",,,,,,,,,,11851,sshd,,"--::-:__[]:______...___",,,,,,,,,,,"syslog.log","linux_secure",,RazLT,,"61.174.51.230",,,,,,,,25,0,,,,,,,,,,,,,,,
Huzhou,China,,,,"Zhejiang Sheng",,,"2014-06-21T08:03:37-07:00 localhost sshd[11825]: Accepted password for root from 61.174.51.230 port 46368 ssh2","2014-06-21T08:03:37.000-0700",root,,,,,,,,46368,,,8,21,3,june,37,saturday,2014,"-420",,,,,,,,,,Network3HP,,,,,,main,,,,,"30.87030",1,"120.09330",,,,,,,,,,11825,sshd,,"--::-:__[]:______...___",,,,,,,,,,,"syslog.log","linux_secure",,RazLT,,"61.174.51.230",,,,,,,,25,0,,,,,,,,,,,,,,,
Nanning,China,,,,"Guangxi Zhuangzu Zizhiqu",,,"2014-06-21T07:30:00-07:00 localhost sshd[11629]: Accepted password for root from 116.10.191.170 port 6193 ssh2","2014-06-21T07:30:00.000-0700",root,,,,,,,,6193,,,7,21,30,june,0,saturday,2014,"-420",,,,,,,,,,Network3HP,,,,,,main,,,,,"22.81670",1,"108.31670",,,,,,,,,,11629,sshd,,"--::-:__[]:______...___",,,,,,,,,,,"syslog.log","linux_secure",,RazLT,,"116.10.191.170",,,,,,,,25,0,,,,,,,,,,,,,,,
Nanning,China,,,,"Guangxi Zhuangzu Zizhiqu",,,"2014-06-21T07:28:41-07:00 localhost sshd[11619]: Accepted password for root from 116.10.191.170 port 38150 ssh2","2014-06-21T07:28:41.000-0700",root,,,,,,,,38150,,,7,21,28,june,41,saturday,2014,"-420",,,,,,,,,,Network3HP,,,,,,main,,,,,"22.81670",1,"108.31670",,,,,,,,,,11619,sshd,,"--::-:__[]:______...___",,,,,,,,,,,"syslog.log","linux_secure",,RazLT,,"116.10.191.170",,,,,,,,25,0,,,,,,,,,,,,,,,
Nanning,China,,,,"Guangxi Zhuangzu Zizhiqu",,,"2014-06-21T06:08:47-07:00 localhost sshd[11398]: Accepted password for root from 116.10.191.170 port 50240 ssh2","2014-06-21T06:08:47.000-0700",root,,,,,,,,50240,,,6,21,8,june,47,saturday,2014,"-420",,,,,,,,,,Network3HP,,,,,,main,,,,,"22.81670",1,"108.31670",,,,,,,,,,11398,sshd,,"--::-:__[]:______...___",,,,,,,,,,,"syslog.log","linux_secure",,RazLT,,"116.10.191.170",,,,,,,,25,0,,,,,,,,,,,,,,,
Nanning,China,,,,"Guangxi Zhuangzu Zizhiqu",,,"2014-06-21T06:07:31-07:00 localhost sshd[11388]: Accepted password for root from 116.10.191.170 port 12295 ssh2","2014-06-21T06:07:31.000-0700",root,,,,,,,,12295,,,6,21,7,june,31,saturday,2014,"-420",,,,,,,,,,Network3HP,,,,,,main,,,,,"22.81670",1,"108.31670",,,,,,,,,,11388,sshd,,"--::-:__[]:______...___",,,,,,,,,,,"syslog.log","linux_secure",,RazLT,,"116.10.191.170",,,,,,,,25,0,,,,,,,,,,,,,,,
Huzhou,China,,,,"Zhejiang Sheng",,,"2014-06-21T04:16:44-07:00 localhost sshd[11085]: Accepted password for root from 61.174.51.200 port 4339 ssh2","2014-06-21T04:16:44.000-0700",root,,,,,,,,4339,,,4,21,16,june,44,saturday,2014,"-420",,,,,,,,,,Network3HP,,,,,,main,,,,,"30.87030",1,"120.09330",,,,,,,,,,11085,sshd,,"--::-:__[]:______...___",,,,,,,,,,,"syslog.log","linux_secure",,RazLT,,"61.174.51.200",,,,,,,,25,0,,,,,,,,,,,,,,,
Huzhou,China,,,,"Zhejiang Sheng",,,"2014-06-21T04:13:33-07:00 localhost sshd[11056]: Accepted password for root from 61.174.51.200 port 28191 ssh2","2014-06-21T04:13:33.000-0700",root,,,,,,,,28191,,,4,21,13,june,33,saturday,2014,"-420",,,,,,,,,,Network3HP,,,,,,main,,,,,"30.87030",1,"120.09330",,,,,,,,,,11056,sshd,,"--::-:__[]:______...___",,,,,,,,,,,"syslog.log","linux_secure",,RazLT,,"61.174.51.200",,,,,,,,25,0,,,,,,,,,,,,,,,
Nanning,China,,,,"Guangxi Zhuangzu Zizhiqu",,,"2014-06-21T03:10:57-07:00 localhost sshd[10787]: Accepted password for root from 116.10.191.170 port 27613 ssh2","2014-06-21T03:10:57.000-0700",root,,,,,,,,27613,,,3,21,10,june,57,saturday,2014,"-420",,,,,,,,,,Network3HP,,,,,,main,,,,,"22.81670",1,"108.31670",,,,,,,,,,10787,sshd,,"--::-:__[]:______...___",,,,,,,,,,,"syslog.log","linux_secure",,RazLT,,"116.10.191.170",,,,,,,,25,0,,,,,,,,,,,,,,,
Nanning,China,,,,"Guangxi Zhuangzu Zizhiqu",,,"2014-06-21T03:09:43-07:00 localhost sshd[10778]: Accepted password for root from 116.10.191.170 port 56788 ssh2","2014-06-21T03:09:43.000-0700",root,,,,,,,,56788,,,3,21,9,june,43,saturday,2014,"-420",,,,,,,,,,Network3HP,,,,,,main,,,,,"22.81670",1,"108.31670",,,,,,,,,,10778,sshd,,"--::-:__[]:______...___",,,,,,,,,,,"syslog.log","linux_secure",,RazLT,,"116.10.191.170",,,,,,,,25,0,,,,,,,,,,,,,,,
Beijing,China,,,,"Beijing Shi",,,"2014-06-21T02:55:45-07:00 localhost sshd[10700]: Accepted password for root from 222.43.200.148 port 59553 ssh2","2014-06-21T02:55:45.000-0700",root,,,,,,,,59553,,,2,21,55,june,45,saturday,2014,"-420",,,,,,,,,,Network3HP,,,,,,main,,,,,"39.92890",1,"116.38830",,,,,,,,,,10700,sshd,,"--::-:__[]:______...___",,,,,,,,,,,"syslog.log","linux_secure",,RazLT,,"222.43.200.148",,,,,,,,25,0,,,,,,,,,,,,,,,
Beijing,China,,,,"Beijing Shi",,,"2014-06-21T02:06:58-07:00 localhost sshd[10622]: Accepted password for root from 222.43.200.148 port 58679 ssh2","2014-06-21T02:06:58.000-0700",root,,,,,,,,58679,,,2,21,6,june,58,saturday,2014,"-420",,,,,,,,,,Network3HP,,,,,,main,,,,,"39.92890",1,"116.38830",,,,,,,,,,10622,sshd,,"--::-:__[]:______...___",,,,,,,,,,,"syslog.log","linux_secure",,RazLT,,"222.43.200.148",,,,,,,,25,0,,,,,,,,,,,,,,,
Nanning,China,,,,"Guangxi Zhuangzu Zizhiqu",,,"2014-06-21T00:52:54-07:00 localhost sshd[10393]: Accepted password for root from 116.10.191.199 port 19245 ssh2","2014-06-21T00:52:54.000-0700",root,,,,,,,,19245,,,0,21,52,june,54,saturday,2014,"-420",,,,,,,,,,Network3HP,,,,,,main,,,,,"22.81670",1,"108.31670",,,,,,,,,,10393,sshd,,"--::-:__[]:______...___",,,,,,,,,,,"syslog.log","linux_secure",,RazLT,,"116.10.191.199",,,,,,,,25,0,,,,,,,,,,,,,,,
Nanning,China,,,,"Guangxi Zhuangzu Zizhiqu",,,"2014-06-21T00:51:44-07:00 localhost sshd[10383]: Accepted password for root from 116.10.191.199 port 49067 ssh2","2014-06-21T00:51:44.000-0700",root,,,,,,,,49067,,,0,21,51,june,44,saturday,2014,"-420",,,,,,,,,,Network3HP,,,,,,main,,,,,"22.81670",1,"108.31670",,,,,,,,,,10383,sshd,,"--::-:__[]:______...___",,,,,,,,,,,"syslog.log","linux_secure",,RazLT,,"116.10.191.199",,,,,,,,25,0,,,,,,,,,,,,,,,
Nanning,China,,,,"Guangxi Zhuangzu Zizhiqu",,,"2014-06-20T23:45:08-07:00 localhost sshd[10199]: Accepted password for root from 116.10.191.170 port 10874 ssh2","2014-06-20T23:45:08.000-0700",root,,,,,,,,10874,,,23,20,45,june,8,friday,2014,"-420",,,,,,,,,,Network3HP,,,,,,main,,,,,"22.81670",1,"108.31670",,,,,,,,,,10199,sshd,,"--::-:__[]:______...___",,,,,,,,,,,"syslog.log","linux_secure",,RazLT,,"116.10.191.170",,,,,,,,25,0,,,,,,,,,,,,,,,
Nanning,China,,,,"Guangxi Zhuangzu Zizhiqu",,,"2014-06-20T23:43:50-07:00 localhost sshd[10190]: Accepted password for root from 116.10.191.170 port 42318 ssh2","2014-06-20T23:43:50.000-0700",root,,,,,,,,42318,,,23,20,43,june,50,friday,2014,"-420",,,,,,,,,,Network3HP,,,,,,main,,,,,"22.81670",1,"108.31670",,,,,,,,,,10190,sshd,,"--::-:__[]:______...___",,,,,,,,,,,"syslog.log","linux_secure",,RazLT,,"116.10.191.170",,,,,,,,25,0,,,,,,,,,,,,,,,
Guangzhou,China,,,,Guangdong,,,"2014-06-20T23:32:57-07:00 localhost sshd[10171]: Accepted password for root from 183.60.20.35 port 48637 ssh2","2014-06-20T23:32:57.000-0700",root,,,,,,,,48637,,,23,20,32,june,57,friday,2014,"-420",,,,,,,,,,Network3HP,,,,,,main,,,,,"23.11670",1,"113.25000",,,,,,,,,,10171,sshd,,"--::-:__[]:______...___",,,,,,,,,,,"syslog.log","linux_secure",,RazLT,,"183.60.20.35",,,,,,,,25,0,,,,,,,,,,,,,,,
Nanning,China,,,,"Guangxi Zhuangzu Zizhiqu",,,"2014-06-20T22:58:03-07:00 localhost sshd[9983]: Accepted password for root from 116.10.191.170 port 43702 ssh2","2014-06-20T22:58:03.000-0700",root,,,,,,,,43702,,,22,20,58,june,3,friday,2014,"-420",,,,,,,,,,Network3HP,,,,,,main,,,,,"22.81670",1,"108.31670",,,,,,,,,,9983,sshd,,"--::-:__[]:______...___",,,,,,,,,,,"syslog.log","linux_secure",,RazLT,,"116.10.191.170",,,,,,,,25,0,,,,,,,,,,,,,,,
Nanning,China,,,,"Guangxi Zhuangzu Zizhiqu",,,"2014-06-20T22:55:55-07:00 localhost sshd[9972]: Accepted password for root from 116.10.191.170 port 6957 ssh2","2014-06-20T22:55:55.000-0700",root,,,,,,,,6957,,,22,20,55,june,55,friday,2014,"-420",,,,,,,,,,Network3HP,,,,,,main,,,,,"22.81670",1,"108.31670",,,,,,,,,,9972,sshd,,"--::-:__[]:______...___",,,,,,,,,,,"syslog.log","linux_secure",,RazLT,,"116.10.191.170",,,,,,,,25,0,,,,,,,,,,,,,,,
Nanning,China,,,,"Guangxi Zhuangzu Zizhiqu",,,"2014-06-20T22:37:27-07:00 localhost sshd[9827]: Accepted password for root from 116.10.191.211 port 47834 ssh2","2014-06-20T22:37:27.000-0700",root,,,,,,,,47834,,,22,20,37,june,27,friday,2014,"-420",,,,,,,,,,Network3HP,,,,,,main,,,,,"22.81670",1,"108.31670",,,,,,,,,,9827,sshd,,"--::-:__[]:______...___",,,,,,,,,,,"syslog.log","linux_secure",,RazLT,,"116.10.191.211",,,,,,,,25,0,,,,,,,,,,,,,,,
Nanning,China,,,,"Guangxi Zhuangzu Zizhiqu",,,"2014-06-20T22:34:46-07:00 localhost sshd[9800]: Accepted password for root from 116.10.191.211 port 59629 ssh2","2014-06-20T22:34:46.000-0700",root,,,,,,,,59629,,,22,20,34,june,46,friday,2014,"-420",,,,,,,,,,Network3HP,,,,,,main,,,,,"22.81670",1,"108.31670",,,,,,,,,,9800,sshd,,"--::-:__[]:______...___",,,,,,,,,,,"syslog.log","linux_secure",,RazLT,,"116.10.191.211",,,,,,,,25,0,,,,,,,,,,,,,,,
Nanning,China,,,,"Guangxi Zhuangzu Zizhiqu",,,"2014-06-20T21:13:16-07:00 localhost sshd[9601]: Accepted password for root from 116.10.191.176 port 34106 ssh2","2014-06-20T21:13:16.000-0700",root,,,,,,,,34106,,,21,20,13,june,16,friday,2014,"-420",,,,,,,,,,Network3HP,,,,,,main,,,,,"22.81670",1,"108.31670",,,,,,,,,,9601,sshd,,"--::-:__[]:______...___",,,,,,,,,,,"syslog.log","linux_secure",,RazLT,,"116.10.191.176",,,,,,,,25,0,,,,,,,,,,,,,,,
Nanning,China,,,,"Guangxi Zhuangzu Zizhiqu",,,"2014-06-20T21:11:55-07:00 localhost sshd[9575]: Accepted password for root from 116.10.191.176 port 57519 ssh2","2014-06-20T21:11:55.000-0700",root,,,,,,,,57519,,,21,20,11,june,55,friday,2014,"-420",,,,,,,,,,Network3HP,,,,,,main,,,,,"22.81670",1,"108.31670",,,,,,,,,,9575,sshd,,"--::-:__[]:______...___",,,,,,,,,,,"syslog.log","linux_secure",,RazLT,,"116.10.191.176",,,,,,,,25,0,,,,,,,,,,,,,,,
Nanning,China,,,,"Guangxi Zhuangzu Zizhiqu",,,"2014-06-20T20:46:46-07:00 localhost sshd[9407]: Accepted password for root from 116.10.191.170 port 15148 ssh2","2014-06-20T20:46:46.000-0700",root,,,,,,,,15148,,,20,20,46,june,46,friday,2014,"-420",,,,,,,,,,Network3HP,,,,,,main,,,,,"22.81670",1,"108.31670",,,,,,,,,,9407,sshd,,"--::-:__[]:______...___",,,,,,,,,,,"syslog.log","linux_secure",,RazLT,,"116.10.191.170",,,,,,,,25,0,,,,,,,,,,,,,,,
Nanning,China,,,,"Guangxi Zhuangzu Zizhiqu",,,"2014-06-20T20:44:27-07:00 localhost sshd[9396]: Accepted password for root from 116.10.191.170 port 36394 ssh2","2014-06-20T20:44:27.000-0700",root,,,,,,,,36394,,,20,20,44,june,27,friday,2014,"-420",,,,,,,,,,Network3HP,,,,,,main,,,,,"22.81670",1,"108.31670",,,,,,,,,,9396,sshd,,"--::-:__[]:______...___",,,,,,,,,,,"syslog.log","linux_secure",,RazLT,,"116.10.191.170",,,,,,,,25,0,,,,,,,,,,,,,,,
Huzhou,China,,,,"Zhejiang Sheng",,,"2014-06-20T19:55:32-07:00 localhost sshd[9191]: Accepted password for root from 61.174.51.209 port 17023 ssh2","2014-06-20T19:55:32.000-0700",root,,,,,,,,17023,,,19,20,55,june,32,friday,2014,"-420",,,,,,,,,,Network3HP,,,,,,main,,,,,"30.87030",1,"120.09330",,,,,,,,,,9191,sshd,,"--::-:__[]:______...___",,,,,,,,,,,"syslog.log","linux_secure",,RazLT,,"61.174.51.209",,,,,,,,25,0,,,,,,,,,,,,,,,
Huzhou,China,,,,"Zhejiang Sheng",,,"2014-06-20T19:54:13-07:00 localhost sshd[9164]: Accepted password for root from 61.174.51.209 port 34388 ssh2","2014-06-20T19:54:13.000-0700",root,,,,,,,,34388,,,19,20,54,june,13,friday,2014,"-420",,,,,,,,,,Network3HP,,,,,,main,,,,,"30.87030",1,"120.09330",,,,,,,,,,9164,sshd,,"--::-:__[]:______...___",,,,,,,,,,,"syslog.log","linux_secure",,RazLT,,"61.174.51.209",,,,,,,,25,0,,,,,,,,,,,,,,,
Hefei,China,,,,"Anhui Sheng",,,"2014-06-20T19:29:48-07:00 localhost sshd[9121]: Accepted password for root from 60.173.11.28 port 41215 ssh2","2014-06-20T19:29:48.000-0700",root,,,,,,,,41215,,,19,20,29,june,48,friday,2014,"-420",,,,,,,,,,Network3HP,,,,,,main,,,,,"31.86390",1,"117.28080",,,,,,,,,,9121,sshd,,"--::-:__[]:______...___",,,,,,,,,,,"syslog.log","linux_secure",,RazLT,,"60.173.11.28",,,,,,,,25,0,,,,,,,,,,,,,,,
Huzhou,China,,,,"Zhejiang Sheng",,,"2014-06-20T18:47:46-07:00 localhost sshd[8095]: Accepted password for root from 61.174.51.203 port 50641 ssh2","2014-06-20T18:47:46.000-0700",root,,,,,,,,50641,,,18,20,47,june,46,friday,2014,"-420",,,,,,,,,,Network3HP,,,,,,main,,,,,"30.87030",1,"120.09330",,,,,,,,,,8095,sshd,,"--::-:__[]:______...___",,,,,,,,,,,"syslog.log","linux_secure",,RazLT,,"61.174.51.203",,,,,,,,25,0,,,,,,,,,,,,,,,
Huzhou,China,,,,"Zhejiang Sheng",,,"2014-06-20T18:47:31-07:00 localhost sshd[8073]: Accepted password for root from 61.174.51.203 port 41755 ssh2","2014-06-20T18:47:31.000-0700",root,,,,,,,,41755,,,18,20,47,june,31,friday,2014,"-420",,,,,,,,,,Network3HP,,,,,,main,,,,,"30.87030",1,"120.09330",,,,,,,,,,8073,sshd,,"--::-:__[]:______...___",,,,,,,,,,,"syslog.log","linux_secure",,RazLT,,"61.174.51.203",,,,,,,,25,0,,,,,,,,,,,,,,,
Nanning,China,,,,"Guangxi Zhuangzu Zizhiqu",,,"2014-06-20T18:39:15-07:00 localhost sshd[7734]: Accepted password for root from 116.10.191.188 port 15141 ssh2","2014-06-20T18:39:15.000-0700",root,,,,,,,,15141,,,18,20,39,june,15,friday,2014,"-420",,,,,,,,,,Network3HP,,,,,,main,,,,,"22.81670",1,"108.31670",,,,,,,,,,7734,sshd,,"--::-:__[]:______...___",,,,,,,,,,,"syslog.log","linux_secure",,RazLT,,"116.10.191.188",,,,,,,,25,0,,,,,,,,,,,,,,,
Nanning,China,,,,"Guangxi Zhuangzu Zizhiqu",,,"2014-06-20T18:38:21-07:00 localhost sshd[7691]: Accepted password for root from 116.10.191.188 port 52031 ssh2","2014-06-20T18:38:21.000-0700",root,,,,,,,,52031,,,18,20,38,june,21,friday,2014,"-420",,,,,,,,,,Network3HP,,,,,,main,,,,,"22.81670",1,"108.31670",,,,,,,,,,7691,sshd,,"--::-:__[]:______...___",,,,,,,,,,,"syslog.log","linux_secure",,RazLT,,"116.10.191.188",,,,,,,,25,0,,,,,,,,,,,,,,,
Nanjing,China,,,,"Jiangsu Sheng",,,"2014-06-20T18:24:03-07:00 localhost sshd[7195]: Accepted password for root from 49.80.151.242 port 2727 ssh2","2014-06-20T18:24:03.000-0700",root,,,,,,,,2727,,,18,20,24,june,3,friday,2014,"-420",,,,,,,,,,Network3HP,,,,,,main,,,,,"32.06170",1,"118.77780",,,,,,,,,,7195,sshd,,"--::-:__[]:______...___",,,,,,,,,,,"syslog.log","linux_secure",,RazLT,,"49.80.151.242",,,,,,,,25,0,,,,,,,,,,,,,,,
Nanning,China,,,,"Guangxi Zhuangzu Zizhiqu",,,"2014-06-20T18:16:19-07:00 localhost sshd[6977]: Accepted password for root from 116.10.191.170 port 6251 ssh2","2014-06-20T18:16:19.000-0700",root,,,,,,,,6251,,,18,20,16,june,19,friday,2014,"-420",,,,,,,,,,Network3HP,,,,,,main,,,,,"22.81670",1,"108.31670",,,,,,,,,,6977,sshd,,"--::-:__[]:______...___",,,,,,,,,,,"syslog.log","linux_secure",,RazLT,,"116.10.191.170",,,,,,,,25,0,,,,,,,,,,,,,,,
Nanning,China,,,,"Guangxi Zhuangzu Zizhiqu",,,"2014-06-20T18:16:01-07:00 localhost sshd[6968]: Accepted password for root from 116.10.191.170 port 50219 ssh2","2014-06-20T18:16:01.000-0700",root,,,,,,,,50219,,,18,20,16,june,1,friday,2014,"-420",,,,,,,,,,Network3HP,,,,,,main,,,,,"22.81670",1,"108.31670",,,,,,,,,,6968,sshd,,"--::-:__[]:______...___",,,,,,,,,,,"syslog.log","linux_secure",,RazLT,,"116.10.191.170",,,,,,,,25,0,,,,,,,,,,,,,,,
Nanning,China,,,,"Guangxi Zhuangzu Zizhiqu",,,"2014-06-20T13:23:21-07:00 localhost sshd[6344]: Accepted password for root from 116.10.191.170 port 39185 ssh2","2014-06-20T13:23:21.000-0700",root,,,,,,,,39185,,,13,20,23,june,21,friday,2014,"-420",,,,,,,,,,Network3HP,,,,,,main,,,,,"22.81670",1,"108.31670",,,,,,,,,,6344,sshd,,"--::-:__[]:______...___",,,,,,,,,,,"syslog.log","linux_secure",,RazLT,,"116.10.191.170",,,,,,,,25,0,,,,,,,,,,,,,,,
Nanning,China,,,,"Guangxi Zhuangzu Zizhiqu",,,"2014-06-20T13:22:01-07:00 localhost sshd[6335]: Accepted password for root from 116.10.191.170 port 7574 ssh2","2014-06-20T13:22:01.000-0700",root,,,,,,,,7574,,,13,20,22,june,1,friday,2014,"-420",,,,,,,,,,Network3HP,,,,,,main,,,,,"22.81670",1,"108.31670",,,,,,,,,,6335,sshd,,"--::-:__[]:______...___",,,,,,,,,,,"syslog.log","linux_secure",,RazLT,,"116.10.191.170",,,,,,,,25,0,,,,,,,,,,,,,,,
Nanning,China,,,,"Guangxi Zhuangzu Zizhiqu",,,"2014-06-20T12:45:49-07:00 localhost sshd[6142]: Accepted password for root from 116.10.191.197 port 17823 ssh2","2014-06-20T12:45:49.000-0700",root,,,,,,,,17823,,,12,20,45,june,49,friday,2014,"-420",,,,,,,,,,Network3HP,,,,,,main,,,,,"22.81670",1,"108.31670",,,,,,,,,,6142,sshd,,"--::-:__[]:______...___",,,,,,,,,,,"syslog.log","linux_secure",,RazLT,,"116.10.191.197",,,,,,,,25,0,,,,,,,,,,,,,,,
Nanning,China,,,,"Guangxi Zhuangzu Zizhiqu",,,"2014-06-20T12:43:33-07:00 localhost sshd[6132]: Accepted password for root from 116.10.191.197 port 38232 ssh2","2014-06-20T12:43:33.000-0700",root,,,,,,,,38232,,,12,20,43,june,33,friday,2014,"-420",,,,,,,,,,Network3HP,,,,,,main,,,,,"22.81670",1,"108.31670",,,,,,,,,,6132,sshd,,"--::-:__[]:______...___",,,,,,,,,,,"syslog.log","linux_secure",,RazLT,,"116.10.191.197",,,,,,,,25,0,,,,,,,,,,,,,,,
Nanning,China,,,,"Guangxi Zhuangzu Zizhiqu",,,"2014-06-20T09:20:48-07:00 localhost sshd[5665]: Accepted password for root from 116.10.191.195 port 6280 ssh2","2014-06-20T09:20:48.000-0700",root,,,,,,,,6280,,,9,20,20,june,48,friday,2014,"-420",,,,,,,,,,Network3HP,,,,,,main,,,,,"22.81670",1,"108.31670",,,,,,,,,,5665,sshd,,"--::-:__[]:______...___",,,,,,,,,,,"syslog.log","linux_secure",,RazLT,,"116.10.191.195",,,,,,,,25,0,,,,,,,,,,,,,,,
Nanning,China,,,,"Guangxi Zhuangzu Zizhiqu",,,"2014-06-20T09:20:47-07:00 localhost sshd[5666]: Accepted password for root from 116.10.191.195 port 6282 ssh2","2014-06-20T09:20:47.000-0700",root,,,,,,,,6282,,,9,20,20,june,47,friday,2014,"-420",,,,,,,,,,Network3HP,,,,,,main,,,,,"22.81670",1,"108.31670",,,,,,,,,,5666,sshd,,"--::-:__[]:______...___",,,,,,,,,,,"syslog.log","linux_secure",,RazLT,,"116.10.191.195",,,,,,,,25,0,,,,,,,,,,,,,,,
Nanning,China,,,,"Guangxi Zhuangzu Zizhiqu",,,"2014-06-20T09:19:51-07:00 localhost sshd[5499]: Accepted password for root from 116.10.191.195 port 35219 ssh2","2014-06-20T09:19:51.000-0700",root,,,,,,,,35219,,,9,20,19,june,51,friday,2014,"-420",,,,,,,,,,Network3HP,,,,,,main,,,,,"22.81670",1,"108.31670",,,,,,,,,,5499,sshd,,"--::-:__[]:______...___",,,,,,,,,,,"syslog.log","linux_secure",,RazLT,,"116.10.191.195",,,,,,,,25,0,,,,,,,,,,,,,,,
Nanning,China,,,,"Guangxi Zhuangzu Zizhiqu",,,"2014-06-20T09:19:46-07:00 localhost sshd[5489]: Accepted password for root from 116.10.191.195 port 33788 ssh2","2014-06-20T09:19:46.000-0700",root,,,,,,,,33788,,,9,20,19,june,46,friday,2014,"-420",,,,,,,,,,Network3HP,,,,,,main,,,,,"22.81670",1,"108.31670",,,,,,,,,,5489,sshd,,"--::-:__[]:______...___",,,,,,,,,,,"syslog.log","linux_secure",,RazLT,,"116.10.191.195",,,,,,,,25,0,,,,,,,,,,,,,,,
Nanning,China,,,,"Guangxi Zhuangzu Zizhiqu",,,"2014-06-20T09:19:27-07:00 localhost sshd[5496]: Accepted password for root from 116.10.191.170 port 30239 ssh2","2014-06-20T09:19:27.000-0700",root,,,,,,,,30239,,,9,20,19,june,27,friday,2014,"-420",,,,,,,,,,Network3HP,,,,,,main,,,,,"22.81670",1,"108.31670",,,,,,,,,,5496,sshd,,"--::-:__[]:______...___",,,,,,,,,,,"syslog.log","linux_secure",,RazLT,,"116.10.191.170",,,,,,,,25,0,,,,,,,,,,,,,,,
Nanning,China,,,,"Guangxi Zhuangzu Zizhiqu",,,"2014-06-20T09:17:58-07:00 localhost sshd[5453]: Accepted password for root from 116.10.191.170 port 3226 ssh2","2014-06-20T09:17:58.000-0700",root,,,,,,,,3226,,,9,20,17,june,58,friday,2014,"-420",,,,,,,,,,Network3HP,,,,,,main,,,,,"22.81670",1,"108.31670",,,,,,,,,,5453,sshd,,"--::-:__[]:______...___",,,,,,,,,,,"syslog.log","linux_secure",,RazLT,,"116.10.191.170",,,,,,,,25,0,,,,,,,,,,,,,,,
Nanning,China,,,,"Guangxi Zhuangzu Zizhiqu",,,"2014-06-20T09:03:57-07:00 localhost sshd[5313]: Accepted password for root from 116.10.191.170 port 58362 ssh2","2014-06-20T09:03:57.000-0700",root,,,,,,,,58362,,,9,20,3,june,57,friday,2014,"-420",,,,,,,,,,Network3HP,,,,,,main,,,,,"22.81670",1,"108.31670",,,,,,,,,,5313,sshd,,"--::-:__[]:______...___",,,,,,,,,,,"syslog.log","linux_secure",,RazLT,,"116.10.191.170",,,,,,,,25,0,,,,,,,,,,,,,,,
Nanning,China,,,,"Guangxi Zhuangzu Zizhiqu",,,"2014-06-20T09:01:34-07:00 localhost sshd[5304]: Accepted password for root from 116.10.191.170 port 33184 ssh2","2014-06-20T09:01:34.000-0700",root,,,,,,,,33184,,,9,20,1,june,34,friday,2014,"-420",,,,,,,,,,Network3HP,,,,,,main,,,,,"22.81670",1,"108.31670",,,,,,,,,,5304,sshd,,"--::-:__[]:______...___",,,,,,,,,,,"syslog.log","linux_secure",,RazLT,,"116.10.191.170",,,,,,,,25,0,,,,,,,,,,,,,,,
Nanning,China,,,,"Guangxi Zhuangzu Zizhiqu",,,"2014-06-20T07:07:55-07:00 localhost sshd[5216]: Accepted password for root from 116.10.191.170 port 8066 ssh2","2014-06-20T07:07:55.000-0700",root,,,,,,,,8066,,,7,20,7,june,55,friday,2014,"-420",,,,,,,,,,Network3HP,,,,,,main,,,,,"22.81670",1,"108.31670",,,,,,,,,,5216,sshd,,"--::-:__[]:______...___",,,,,,,,,,,"syslog.log","linux_secure",,RazLT,,"116.10.191.170",,,,,,,,25,0,,,,,,,,,,,,,,,
Huzhou,China,,,,"Zhejiang Sheng",,,"2014-06-20T06:54:55-07:00 localhost sshd[5063]: Accepted password for root from 61.174.51.220 port 29000 ssh2","2014-06-20T06:54:55.000-0700",root,,,,,,,,29000,,,6,20,54,june,55,friday,2014,"-420",,,,,,,,,,Network3HP,,,,,,main,,,,,"30.87030",1,"120.09330",,,,,,,,,,5063,sshd,,"--::-:__[]:______...___",,,,,,,,,,,"syslog.log","linux_secure",,RazLT,,"61.174.51.220",,,,,,,,25,0,,,,,,,,,,,,,,,
Huzhou,China,,,,"Zhejiang Sheng",,,"2014-06-20T06:51:29-07:00 localhost sshd[4974]: Accepted password for root from 61.174.51.220 port 3338 ssh2","2014-06-20T06:51:29.000-0700",root,,,,,,,,3338,,,6,20,51,june,29,friday,2014,"-420",,,,,,,,,,Network3HP,,,,,,main,,,,,"30.87030",1,"120.09330",,,,,,,,,,4974,sshd,,"--::-:__[]:______...___",,,,,,,,,,,"syslog.log","linux_secure",,RazLT,,"61.174.51.220",,,,,,,,25,0,,,,,,,,,,,,,,,
Nanning,China,,,,"Guangxi Zhuangzu Zizhiqu",,,"2014-06-20T06:27:54-07:00 localhost sshd[4830]: Accepted password for root from 116.10.191.204 port 46686 ssh2","2014-06-20T06:27:54.000-0700",root,,,,,,,,46686,,,6,20,27,june,54,friday,2014,"-420",,,,,,,,,,Network3HP,,,,,,main,,,,,"22.81670",1,"108.31670",,,,,,,,,,4830,sshd,,"--::-:__[]:______...___",,,,,,,,,,,"syslog.log","linux_secure",,RazLT,,"116.10.191.204",,,,,,,,25,0,,,,,,,,,,,,,,,
Nanning,China,,,,"Guangxi Zhuangzu Zizhiqu",,,"2014-06-20T06:26:42-07:00 localhost sshd[4804]: Accepted password for root from 116.10.191.204 port 3946 ssh2","2014-06-20T06:26:42.000-0700",root,,,,,,,,3946,,,6,20,26,june,42,friday,2014,"-420",,,,,,,,,,Network3HP,,,,,,main,,,,,"22.81670",1,"108.31670",,,,,,,,,,4804,sshd,,"--::-:__[]:______...___",,,,,,,,,,,"syslog.log","linux_secure",,RazLT,,"116.10.191.204",,,,,,,,25,0,,,,,,,,,,,,,,,
Huzhou,China,,,,"Zhejiang Sheng",,,"2014-06-20T06:21:49-07:00 localhost sshd[4669]: Accepted password for root from 61.174.51.232 port 49724 ssh2","2014-06-20T06:21:49.000-0700",root,,,,,,,,49724,,,6,20,21,june,49,friday,2014,"-420",,,,,,,,,,Network3HP,,,,,,main,,,,,"30.87030",1,"120.09330",,,,,,,,,,4669,sshd,,"--::-:__[]:______...___",,,,,,,,,,,"syslog.log","linux_secure",,RazLT,,"61.174.51.232",,,,,,,,25,0,,,,,,,,,,,,,,,
Huzhou,China,,,,"Zhejiang Sheng",,,"2014-06-20T06:19:34-07:00 localhost sshd[4612]: Accepted password for root from 61.174.51.232 port 7240 ssh2","2014-06-20T06:19:34.000-0700",root,,,,,,,,7240,,,6,20,19,june,34,friday,2014,"-420",,,,,,,,,,Network3HP,,,,,,main,,,,,"30.87030",1,"120.09330",,,,,,,,,,4612,sshd,,"--::-:__[]:______...___",,,,,,,,,,,"syslog.log","linux_secure",,RazLT,,"61.174.51.232",,,,,,,,25,0,,,,,,,,,,,,,,,
Nanning,China,,,,"Guangxi Zhuangzu Zizhiqu",,,"2014-06-20T04:59:57-07:00 localhost sshd[3766]: Accepted password for root from 116.10.191.170 port 15205 ssh2","2014-06-20T04:59:57.000-0700",root,,,,,,,,15205,,,4,20,59,june,57,friday,2014,"-420",,,,,,,,,,Network3HP,,,,,,main,,,,,"22.81670",1,"108.31670",,,,,,,,,,3766,sshd,,"--::-:__[]:______...___",,,,,,,,,,,"syslog.log","linux_secure",,RazLT,,"116.10.191.170",,,,,,,,25,0,,,,,,,,,,,,,,,
Nanning,China,,,,"Guangxi Zhuangzu Zizhiqu",,,"2014-06-20T04:57:19-07:00 localhost sshd[3756]: Accepted password for root from 116.10.191.170 port 48231 ssh2","2014-06-20T04:57:19.000-0700",root,,,,,,,,48231,,,4,20,57,june,19,friday,2014,"-420",,,,,,,,,,Network3HP,,,,,,main,,,,,"22.81670",1,"108.31670",,,,,,,,,,3756,sshd,,"--::-:__[]:______...___",,,,,,,,,,,"syslog.log","linux_secure",,RazLT,,"116.10.191.170",,,,,,,,25,0,,,,,,,,,,,,,,,
Huzhou,China,,,,"Zhejiang Sheng",,,"2014-06-20T04:29:23-07:00 localhost sshd[3600]: Accepted password for root from 61.174.51.235 port 25134 ssh2","2014-06-20T04:29:23.000-0700",root,,,,,,,,25134,,,4,20,29,june,23,friday,2014,"-420",,,,,,,,,,Network3HP,,,,,,main,,,,,"30.87030",1,"120.09330",,,,,,,,,,3600,sshd,,"--::-:__[]:______...___",,,,,,,,,,,"syslog.log","linux_secure",,RazLT,,"61.174.51.235",,,,,,,,25,0,,,,,,,,,,,,,,,
Huzhou,China,,,,"Zhejiang Sheng",,,"2014-06-20T04:25:30-07:00 localhost sshd[3572]: Accepted password for root from 61.174.51.235 port 42139 ssh2","2014-06-20T04:25:30.000-0700",root,,,,,,,,42139,,,4,20,25,june,30,friday,2014,"-420",,,,,,,,,,Network3HP,,,,,,main,,,,,"30.87030",1,"120.09330",,,,,,,,,,3572,sshd,,"--::-:__[]:______...___",,,,,,,,,,,"syslog.log","linux_secure",,RazLT,,"61.174.51.235",,,,,,,,25,0,,,,,,,,,,,,,,,
Nanning,China,,,,"Guangxi Zhuangzu Zizhiqu",,,"2014-06-20T01:07:23-07:00 localhost sshd[2881]: Accepted password for root from 116.10.191.214 port 54984 ssh2","2014-06-20T01:07:23.000-0700",root,,,,,,,,54984,,,1,20,7,june,23,friday,2014,"-420",,,,,,,,,,Network3HP,,,,,,main,,,,,"22.81670",1,"108.31670",,,,,,,,,,2881,sshd,,"--::-:__[]:______...___",,,,,,,,,,,"syslog.log","linux_secure",,RazLT,,"116.10.191.214",,,,,,,,25,0,,,,,,,,,,,,,,,
Nanning,China,,,,"Guangxi Zhuangzu Zizhiqu",,,"2014-06-20T01:04:08-07:00 localhost sshd[2848]: Accepted password for root from 116.10.191.214 port 8093 ssh2","2014-06-20T01:04:08.000-0700",root,,,,,,,,8093,,,1,20,4,june,8,friday,2014,"-420",,,,,,,,,,Network3HP,,,,,,main,,,,,"22.81670",1,"108.31670",,,,,,,,,,2848,sshd,,"--::-:__[]:______...___",,,,,,,,,,,"syslog.log","linux_secure",,RazLT,,"116.10.191.214",,,,,,,,25,0,,,,,,,,,,,,,,,
,,,,,,,,"May 27 18:08:40 localhost sshd[22203]: Accepted password for root from ::1 port 53957 ssh2","2014-05-27T18:08:40.000-0700",root,,,,,,,,"::1",,,18,27,8,may,40,tuesday,2014,local,,,,,,,,,,Network3HP,,,,,,main,,,,,,1,,,,,,,,,,,22203,sshd,,,,,,,,,,,,,"secure-20140601","linux_secure",,RazLT,,"",,,,,,,,16,0,,,,,,,,,,,,,,,
"",Canada,,,,"",,,"May 27 17:58:22 localhost sshd[22111]: Accepted password for root from 24.86.118.110 port 41941 ssh2","2014-05-27T17:58:22.000-0700",root,,,,,,,,"24.86.118.110",,,17,27,58,may,22,tuesday,2014,local,,,,,,,,,,Network3HP,,,,,,main,,,,,"60.00000",1,"-95.00000",,,,,,,,,,22111,sshd,,,,,,,,,,,,,"secure-20140601","linux_secure",,RazLT,,"24.86.118.110",,,,,,,,16,0,,,,,,,,,,,,,,,
"",Canada,,,,"",,,"May 27 17:55:47 localhost sshd[22036]: Accepted password for root from 24.86.118.110 port 51883 ssh2","2014-05-27T17:55:47.000-0700",root,,,,,,,,"24.86.118.110",,,17,27,55,may,47,tuesday,2014,local,,,,,,,,,,Network3HP,,,,,,main,,,,,"60.00000",1,"-95.00000",,,,,,,,,,22036,sshd,,,,,,,,,,,,,"secure-20140601","linux_secure",,RazLT,,"24.86.118.110",,,,,,,,16,0,,,,,,,,,,,,,,,
"",Canada,,,,"",,,"May 27 17:45:18 localhost sshd[21995]: Accepted password for root from 24.86.118.110 port 22104 ssh2","2014-05-27T17:45:18.000-0700",root,,,,,,,,"24.86.118.110",,,17,27,45,may,18,tuesday,2014,local,,,,,,,,,,Network3HP,,,,,,main,,,,,"60.00000",1,"-95.00000",,,,,,,,,,21995,sshd,,,,,,,,,,,,,"secure-20140601","linux_secure",,RazLT,,"24.86.118.110",,,,,,,,16,0,,,,,,,,,,,,,,,
